ROM/27/65,evsb,ja,gev/skill_name,
ROM/27/66,evsb,en,gev/skill_name,
ROM/27/67,evsb,ja,gev/term,
ROM/27/68,evsb,en,gev/term,
ROM/27/69,evsb,ja,gev/emote,
ROM/27/70,evsb,en,gev/emote,
ROM/27/71,evsb,ja,gev/battle,
ROM/27/72,evsb,en,gev/battle,
ROM/27/73,evsb,ja,gev/status,
ROM/27/74,evsb,en,gev/status,
ROM/27/75,evsb,ja,gev/message,
ROM/27/76,evsb,en,gev/message,
ROM/27/79,evsb,ja,gev/action,
ROM/27/80,evsb,en,gev/action,
ROM/97/8,xis,ja,lobby/message,
ROM/97/20,xis,ja,etc/misc_message_01,
ROM/97/36,xis,en,lobby/message,
ROM/97/38,xis,en,etc/misc_message_01,
ROM/118/102,xis,ja,etc/time_formatter,
ROM/118/103,xis,en,etc/time_formatter,
ROM/165/53,dmsg,ja,lobby/misc_message,1
ROM/165/54,dmsg,ja,sys/error_message,1
ROM/165/56,dmsg,ja,sys/misc_string_01,1
ROM/165/58,dmsg,ja,sys/menu/text,1
ROM/165/59,dmsg,ja,sys/menu/help,1
ROM/165/60,dmsg,ja,sys/menu/title,1
ROM/165/61,dmsg,ja,sys/menu/text2,1
ROM/165/62,dmsg,ja,sys/region,1
ROM/165/63,dmsg,ja,sys/area,1
ROM/165/64,dmsg,ja,sys/job,1
ROM/165/65,dmsg,ja,sys/weather,1
ROM/165/66,dmsg,ja,sys/day_of_week,1
ROM/165/67,dmsg,ja,sys/orientation,1
ROM/165/68,dmsg,ja,sys/moon_phase,1
ROM/165/69,dmsg,en,lobby/misc_message,
ROM/165/70,dmsg,en,sys/error_message,
ROM/165/72,dmsg,en,sys/misc_string_01,
ROM/165/74,dmsg,en,sys/menu/text,
ROM/165/75,dmsg,en,sys/menu/help,
ROM/165/76,dmsg,en,sys/menu/title,
ROM/165/77,dmsg,en,sys/menu/text2,
ROM/165/78,dmsg,en,sys/region,
ROM/165/79,dmsg,en,sys/weather,
ROM/165/80,dmsg,en,sys/day_of_week,
ROM/165/81,dmsg,en,sys/orientation,
ROM/165/82,dmsg,en,sys/moon_phase,
ROM/165/83,dmsg,en,sys/area,
ROM/165/86,dmsg,en,sys/job,
ROM/165/87,dmsg,en,sys/job_abbr,
ROM/166/115,dmsg,ja,sys/blue_magic_help,1
ROM/166/116,dmsg,en,sys/blue_magic_help,
ROM/169/74,dmsg,ja,sys/meritpoint_text,1
ROM/169/75,dmsg,en,sys/meritpoint_text,
ROM/173/88,dmsg,ja,sys/text_command_help,1
ROM/173/89,dmsg,en,sys/text_command_help,
ROM/175/31,dmsg,ja,sys/equip_slot_en,1
ROM/175/32,dmsg,ja,sys/equip_slot,1
ROM/175/33,dmsg,en,sys/equip_slot,
ROM/175/34,dmsg,ja,sys/key_item,2|3
ROM/175/35,dmsg,en,sys/key_item,5|6|7
ROM/176/46,dmsg,ja,sys/qst/sd,2|3
ROM/176/47,dmsg,ja,sys/qst/bs,2|3
ROM/176/48,dmsg,ja,sys/qst/ws,2|3
ROM/176/49,dmsg,ja,sys/qst/jn,2|3
ROM/176/50,dmsg,ja,sys/qst/ot,2|3
ROM/176/51,dmsg,ja,sys/qst/fr,2|3
ROM/176/52,dmsg,ja,sys/qst/at,2|3
ROM/176/53,dmsg,ja,sys/mis/sd,2|3
ROM/176/54,dmsg,ja,sys/mis/bs,2|3
ROM/176/55,dmsg,ja,sys/mis/ws,2|3
ROM/176/56,dmsg,ja,sys/mis/zl,2|3
ROM/176/57,dmsg,ja,sys/mis/pm,2|3
ROM/176/58,dmsg,ja,sys/mis/as,2|3
ROM/176/59,dmsg,ja,sys/mis/at,2|3
ROM/176/60,dmsg,en,sys/qst/sd,2|3
ROM/176/61,dmsg,en,sys/qst/bs,2|3
ROM/176/62,dmsg,en,sys/qst/ws,2|3
ROM/176/63,dmsg,en,sys/qst/jn,2|3
ROM/176/64,dmsg,en,sys/qst/ot,2|3
ROM/176/65,dmsg,en,sys/qst/fr,2|3
ROM/176/66,dmsg,en,sys/qst/at,2|3
ROM/176/67,dmsg,en,sys/mis/sd,2|3
ROM/176/68,dmsg,en,sys/mis/bs,2|3
ROM/176/69,dmsg,en,sys/mis/ws,2|3
ROM/176/70,dmsg,en,sys/mis/zl,2|3
ROM/176/71,dmsg,en,sys/mis/pm,2|3
ROM/176/72,dmsg,en,sys/mis/as,2|3
ROM/176/73,dmsg,en,sys/mis/at,2|3
ROM/176/77,dmsg,de,lobby/misc_message,
ROM/176/78,dmsg,de,sys/error_message,
ROM/176/80,dmsg,de,sys/misc_string_01,
ROM/176/82,dmsg,de,sys/menu/text,
ROM/176/83,dmsg,de,sys/menu/help,
ROM/176/84,dmsg,de,sys/menu/title,
ROM/176/85,dmsg,de,sys/menu/text2,
ROM/176/86,dmsg,de,sys/region,
ROM/176/87,dmsg,de,sys/area,
ROM/176/88,dmsg,de,sys/job,
ROM/176/89,dmsg,de,sys/weather,
ROM/176/90,dmsg,de,sys/day_of_week,
ROM/176/91,dmsg,de,sys/orientation,
ROM/176/92,dmsg,de,sys/moon_phase,
ROM/176/93,dmsg,de,sys/area_short,
ROM/176/94,dmsg,de,sys/phrases,
ROM/176/95,dmsg,de,sys/race_gender_enum,
ROM/176/97,dmsg,de,sys/equip_slot,
ROM/176/98,dmsg,de,sys/blue_magic_help,
ROM/176/99,dmsg,de,sys/meritpoint_text,
ROM/176/100,dmsg,de,sys/text_command_help,
ROM/176/109,dmsg,de,sys/key_item,
ROM/176/110,dmsg,de,sys/qst/sd,2|3
ROM/176/111,dmsg,de,sys/qst/bs,2|3
ROM/176/112,dmsg,de,sys/qst/ws,2|3
ROM/176/113,dmsg,de,sys/qst/jn,2|3
ROM/176/114,dmsg,de,sys/qst/ot,2|3
ROM/176/115,dmsg,de,sys/qst/fr,2|3
ROM/176/116,dmsg,de,sys/qst/at,2|3
ROM/176/117,dmsg,de,sys/mis/sd,2|3
ROM/176/118,dmsg,de,sys/mis/bs,2|3
ROM/176/119,dmsg,de,sys/mis/ws,2|3
ROM/176/120,dmsg,de,sys/mis/zl,2|3
ROM/176/121,dmsg,de,sys/mis/pm,2|3
ROM/176/122,dmsg,de,sys/mis/as,2|3
ROM/176/123,dmsg,de,sys/mis/at,2|3
#123之后是de的evsb条目，暂不列,,,,
ROM/178/16,dmsg,fr,lobby/misc_message,
ROM/178/17,dmsg,fr,sys/error_message,
ROM/178/19,dmsg,fr,sys/misc_string_01,
ROM/178/21,dmsg,fr,sys/menu/text,
ROM/178/22,dmsg,fr,sys/menu/help,
ROM/178/23,dmsg,fr,sys/menu/title,
ROM/178/24,dmsg,fr,sys/menu/text2,
ROM/178/25,dmsg,fr,sys/region,
ROM/178/26,dmsg,fr,sys/area,
ROM/178/27,dmsg,fr,sys/job,
ROM/178/28,dmsg,fr,sys/weather,
ROM/178/29,dmsg,fr,sys/day_of_week,
ROM/178/30,dmsg,fr,sys/orientation,
ROM/178/31,dmsg,fr,sys/moon_phase,
ROM/178/32,dmsg,fr,sys/area_short,
ROM/178/33,dmsg,fr,sys/phrases,
ROM/178/34,dmsg,fr,sys/race_gender_enum,
ROM/178/36,dmsg,fr,sys/equip_slot,
ROM/178/37,dmsg,fr,sys/blue_magic_help,
ROM/178/38,dmsg,fr,sys/meritpoint_text,
ROM/178/39,dmsg,fr,sys/text_command_help,
ROM/178/48,dmsg,fr,sys/key_item,
ROM/178/49,dmsg,fr,sys/qst/sd,2|3
ROM/178/50,dmsg,fr,sys/qst/bs,2|3
ROM/178/51,dmsg,fr,sys/qst/ws,2|3
ROM/178/52,dmsg,fr,sys/qst/jn,2|3
ROM/178/53,dmsg,fr,sys/qst/ot,2|3
ROM/178/54,dmsg,fr,sys/qst/fr,2|3
ROM/178/55,dmsg,fr,sys/qst/at,2|3
ROM/178/56,dmsg,fr,sys/mis/sd,2|3
ROM/178/57,dmsg,fr,sys/mis/bs,2|3
ROM/178/58,dmsg,fr,sys/mis/ws,2|3
ROM/178/59,dmsg,fr,sys/mis/zl,2|3
ROM/178/60,dmsg,fr,sys/mis/pm,2|3
ROM/178/61,dmsg,fr,sys/mis/as,2|3
ROM/178/62,dmsg,fr,sys/mis/at,2|3
#62之后是fr的evsb条目，暂不列,,,,
ROM/180/77,dmsg,ja,sys/title,1
ROM/180/78,dmsg,en,sys/title,
ROM/180/79,dmsg,de,sys/title,
ROM/180/80,dmsg,fr,sys/title,
ROM/180/101,dmsg,ja,sys/status,1
ROM/180/102,dmsg,en,sys/status,
ROM/180/103,dmsg,de,sys/status,
ROM/180/104,dmsg,fr,sys/status,
ROM/181/68,dmsg,ja,sys/ability,1
ROM/181/69,dmsg,ja,sys/magic,1
ROM/181/70,dmsg,ja,sys/ability_help,1
ROM/181/71,dmsg,ja,sys/magic_help,1
ROM/181/72,dmsg,en,sys/ability,
ROM/181/73,dmsg,en,sys/magic,
ROM/181/74,dmsg,en,sys/ability_help,
ROM/181/75,dmsg,en,sys/magic_help,
ROM/181/76,dmsg,de,sys/ability,
ROM/181/77,dmsg,de,sys/magic,
ROM/181/78,dmsg,de,sys/ability_help,
ROM/181/79,dmsg,de,sys/magic_help,
ROM/181/80,dmsg,fr,sys/ability,
ROM/181/81,dmsg,fr,sys/magic,
ROM/181/82,dmsg,fr,sys/ability_help,
ROM/187/66,dmsg,ja,sys/cs_event_race,1
ROM/187/67,dmsg,ja,sys/job_attr,1
ROM/187/69,dmsg,en,sys/cs_event_race,
ROM/187/70,dmsg,en,sys/job_attr,
ROM/187/72,dmsg,de,sys/cs_event_race,
ROM/187/73,dmsg,de,sys/job_attr,
ROM/187/75,dmsg,fr,sys/cs_event_race,
ROM/187/76,dmsg,fr,sys/job_attr,
ROM/188/37,dmsg,ja,sys/mob_race,1
ROM/188/38,dmsg,en,sys/mob_race,
ROM/188/39,dmsg,de,sys/mob_race,
ROM/188/40,dmsg,fr,sys/mob_race,
ROM/196/3,dmsg,ja,sys/qst/wog,2|3
ROM/196/4,dmsg,ja,sys/mis/wog,2|3
ROM/196/5,dmsg,ja,sys/mis/co,2|3
ROM/196/6,dmsg,en,sys/qst/wog,
ROM/196/7,dmsg,en,sys/mis/wog,
ROM/196/8,dmsg,en,sys/mis/co,
ROM/196/9,dmsg,de,sys/qst/wog,
ROM/196/10,dmsg,de,sys/mis/wog,
ROM/196/11,dmsg,de,sys/mis/co,
ROM/196/12,dmsg,fr,sys/qst/wog,
ROM/196/13,dmsg,fr,sys/mis/wog,
ROM/196/14,dmsg,fr,sys/mis/co,
ROM/214/61,evev,,ev/dbg_scene,
ROM/214/62,evac,,ev/dbg_scene,
ROM/214/63,evsb,ja,ev/dbg_scene,
ROM/214/64,evsb,en,ev/dbg_scene,
ROM/214/65,evsb,de,ev/dbg_scene,
ROM/214/66,evsb,fr,ev/dbg_scene,
ROM/219/85,dmsg,ja,sys/maze_rune,
ROM/219/86,dmsg,en,sys/maze_rune,
ROM/219/87,dmsg,de,sys/maze_rune,
ROM/219/88,dmsg,fr,sys/maze_rune,
ROM/220/57,dmsg,ja,sys/item_attr,
ROM/220/58,dmsg,en,sys/item_attr,
ROM/220/59,dmsg,de,sys/item_attr,
ROM/220/60,dmsg,fr,sys/item_attr,
ROM/222/17,dmsg,ja,sys/mis/acp,2|3
ROM/222/18,dmsg,en,sys/mis/acp,
ROM/222/19,dmsg,de,sys/mis/acp,
ROM/222/20,dmsg,fr,sys/mis/acp,
ROM/223/10,dmsg,ja,sys/mis/kupo,2|3
ROM/223/11,dmsg,ja,sys/mis/stt,2|3
ROM/223/12,dmsg,en,sys/mis/kupo,2|3
ROM/223/13,dmsg,en,sys/mis/stt,2|3
ROM/223/14,dmsg,de,sys/mis/kupo,2|3
ROM/223/15,dmsg,de,sys/mis/stt,2|3
ROM/223/16,dmsg,fr,sys/mis/kupo,2|3
ROM/223/17,dmsg,fr,sys/mis/stt,2|3
ROM/242/63,dmsg,ja,sys/qst/aby,2|3
ROM/242/64,dmsg,en,sys/qst/aby,
ROM/242/65,dmsg,de,sys/qst/aby,
ROM/242/66,dmsg,fr,sys/qst/aby,
ROM/293/66,dmsg,ja,sys/mis/ad,2|3
ROM/293/67,dmsg,ja,sys/qst/ad,2|3
ROM/293/68,dmsg,ja,sys/qst/wc,2|3
ROM/293/69,dmsg,en,sys/mis/ad,
ROM/293/70,dmsg,en,sys/qst/ad,
ROM/293/71,dmsg,en,sys/qst/wc,
ROM/293/72,dmsg,de,sys/mis/ad,
ROM/293/73,dmsg,de,sys/qst/ad,
ROM/293/74,dmsg,de,sys/qst/wc,
ROM/293/75,dmsg,fr,sys/mis/ad,
ROM/293/76,dmsg,fr,sys/qst/ad,
ROM/293/77,dmsg,fr,sys/qst/wc,
ROM/311/73,dmsg,ja,sys/faith_serifu,1
ROM/311/74,dmsg,en,sys/faith_serifu,
ROM/311/75,dmsg,de,sys/faith_serifu,
ROM/311/76,dmsg,fr,sys/faith_serifu,
ROM/314/61,dmsg,ja,sys/jobpoint_text,1
ROM/314/62,dmsg,en,sys/jobpoint_text,
ROM/314/63,dmsg,de,sys/jobpoint_text,
ROM/314/64,dmsg,fr,sys/jobpoint_text,
ROM/324/58,dmsg,ja,sys/jobpoint_text_2,1
ROM/324/59,dmsg,en,sys/jobpoint_text_2,
ROM/327/123,dmsg,ja,sys/emote_command,1
ROM/327/124,dmsg,en,sys/emote_command,
ROM/333/3,dmsg,ja,sys/mis/rov,2|3
ROM/333/4,dmsg,en,sys/mis/rov,
ROM/333/15,dmsg,ja,sys/kupoevent,
ROM/333/16,dmsg,en,sys/kupoevent,
ROM/351/82,dmsg,ja,sys/mount,1
ROM/351/83,dmsg,ja,sys/mount_help,1
ROM/351/84,dmsg,en,sys/mount,
ROM/351/85,dmsg,en,sys/mount_help,
ROM/364/35,dmsg,ja,sys/mis/vr,2|3
ROM/364/36,dmsg,en,sys/mis/vr,
ROM3/1/38,evsb,ja,ev/unknown,
ROM3/1/39,evsb,ja,ev/Phanauet Channel,
ROM3/1/40,evsb,ja,ev/Carpenters' Landing,
ROM3/1/41,evsb,ja,ev/Manaclipper,
ROM3/1/42,evsb,ja,ev/Bibiki Bay,
ROM3/1/43,evsb,ja,ev/Uleguerand Range,
ROM3/1/44,evsb,ja,ev/Bearclaw Pinnacle,
ROM3/1/45,evsb,ja,ev/Attohwa Chasm,
ROM3/1/46,evsb,ja,ev/Boneyard Gully,
ROM3/1/47,evsb,ja,ev/Pso'Xja,
ROM3/1/48,evsb,ja,ev/The Shrouded Maw,
ROM3/1/49,evsb,ja,ev/Oldton Movalpolos,
ROM3/1/50,evsb,ja,ev/Newton Movalpolos,
ROM3/1/51,evsb,ja,ev/Mine Shaft #2716,
ROM3/1/52,evsb,ja,ev/Hall of Transference,
ROM/21/80,evsb,ja,ev/Abyssea - Konschtat,
ROM3/1/54,evsb,ja,ev/Promyvion - Holla,
ROM3/1/55,evsb,ja,ev/Spire of Holla,
ROM3/1/56,evsb,ja,ev/Promyvion - Dem,
ROM3/1/57,evsb,ja,ev/Spire of Dem,
ROM3/1/58,evsb,ja,ev/Promyvion - Mea,
ROM3/1/59,evsb,ja,ev/Spire of Mea,
ROM3/1/60,evsb,ja,ev/Promyvion - Vahzl,
ROM3/1/61,evsb,ja,ev/Spire of Vahzl,
ROM3/1/62,evsb,ja,ev/Lufaise Meadows,
ROM3/1/63,evsb,ja,ev/Misareaux Coast,
ROM3/1/64,evsb,ja,ev/Tavnazian Safehold,
ROM3/1/65,evsb,ja,ev/Phomiuna Aqueducts,
ROM3/1/66,evsb,ja,ev/Sacrarium,
ROM3/1/67,evsb,ja,ev/Riverne - Site B01,
ROM3/1/68,evsb,ja,ev/Riverne - Site A01,
ROM3/1/69,evsb,ja,ev/Monarch Linn,
ROM3/1/70,evsb,ja,ev/Sealion's Den,
ROM3/1/71,evsb,ja,ev/Al'Taieu,
ROM3/1/72,evsb,ja,ev/Grand Palace of Hu'Xzoi,
ROM3/1/73,evsb,ja,ev/The Garden of Ru'Hmet,
ROM3/1/74,evsb,ja,ev/Empyreal Paradox,
ROM3/1/75,evsb,ja,ev/Temenos,
ROM3/1/76,evsb,ja,ev/Apollyon,
ROM3/1/77,evsb,ja,ev/Dynamis - Valkurm,
ROM3/1/78,evsb,ja,ev/Dynamis - Buburimu,
ROM3/1/79,evsb,ja,ev/Dynamis - Qufim,
ROM3/1/80,evsb,ja,ev/Dynamis - Tavnazia,
ROM3/1/81,evsb,ja,ev/Diorama Abdhaljs-Ghelsba,
ROM3/1/82,evsb,ja,ev/Abdhaljs Isle-Purgonorgo,
ROM/21/110,evsb,ja,ev/Abyssea - Tahrongi,
ROM/186/97,evsb,en,evx/Aht Urhgan Whitegate,
ROM/186/98,evsb,en,evx/Aht Urhgan Whitegate 2,
ROM/186/99,evsb,de,evx/Aht Urhgan Whitegate,
ROM/186/100,evsb,de,evx/Aht Urhgan Whitegate 2,
ROM/186/101,evsb,fr,evx/Aht Urhgan Whitegate,
ROM/186/102,evsb,fr,evx/Aht Urhgan Whitegate 2,
ROM/186/103,evsb,ja,evx/Aht Urhgan Whitegate,
ROM4/0/85,evsb,ja,ev/Open sea route to Al Zahbi,
ROM4/0/86,evsb,ja,ev/Open sea route to Mhaura,
ROM4/0/87,evsb,ja,ev/Al Zahbi,
ROM4/0/88,evsb,ja,ev/none,
ROM4/0/89,evsb,ja,ev/Aht Urhgan Whitegate,
ROM4/0/90,evsb,ja,ev/Wajaom Woodlands,
ROM4/0/91,evsb,ja,ev/Bhaflau Thickets,
ROM4/0/92,evsb,ja,ev/Nashmau,
ROM4/0/93,evsb,ja,ev/Arrapago Reef,
ROM4/0/94,evsb,ja,ev/Ilrusi Atoll,
ROM4/0/95,evsb,ja,ev/Periqia,
ROM4/0/96,evsb,ja,ev/Talacca Cove,
ROM4/0/97,evsb,ja,ev/Silver Sea route to Nashmau,
ROM4/0/98,evsb,ja,ev/Silver Sea route to Al Zahbi,
ROM4/0/99,evsb,ja,ev/The Ashu Talif,
ROM4/0/100,evsb,ja,ev/Mount Zhayolm,
ROM4/0/101,evsb,ja,ev/Halvung,
ROM4/0/102,evsb,ja,ev/Lebros Cavern,
ROM4/0/103,evsb,ja,ev/Navukgo Execution Chamber,
ROM4/0/104,evsb,ja,ev/Mamook,
ROM4/0/105,evsb,ja,ev/Mamool Ja Training Grounds,
ROM4/0/106,evsb,ja,ev/Jade Sepulcher,
ROM4/0/107,evsb,ja,ev/Aydeewa Subterrane,
ROM4/0/108,evsb,ja,ev/Leujaoam Sanctum,
ROM4/0/109,evsb,ja,ev/Chocobo Circuit,
ROM4/0/110,evsb,ja,ev/The Colosseum,
ROM4/0/111,evsb,ja,ev/Alzadaal Undersea Ruins,
ROM4/0/112,evsb,ja,ev/Zhayolm Remnants,
ROM4/0/113,evsb,ja,ev/Arrapago Remnants,
ROM4/0/114,evsb,ja,ev/Bhaflau Remnants,
ROM4/0/115,evsb,ja,ev/Silver Sea Remnants,
ROM4/0/116,evsb,ja,ev/Nyzul Isle,
ROM4/0/117,evsb,ja,ev/Hazhalm Testing Grounds,
ROM4/0/118,evsb,ja,ev/Caedarva Mire,
ROM/22/17,evsb,ja,ev/Southern San d'Oria [S],
ROM/22/18,evsb,ja,ev/East Ronfaure [S],
ROM/22/19,evsb,ja,ev/Jugner Forest [S],
ROM/22/20,evsb,ja,ev/Vunkerl Inlet [S],
ROM/22/21,evsb,ja,ev/Batallia Downs [S],
ROM/22/22,evsb,ja,ev/La Vaule [S],
ROM/22/23,evsb,ja,ev/Everbloom Hollow,
ROM/22/24,evsb,ja,ev/Bastok Markets [S],
ROM/22/25,evsb,ja,ev/North Gustaberg [S],
ROM/22/26,evsb,ja,ev/Grauberg [S],
ROM/22/27,evsb,ja,ev/Pashhow Marshlands [S],
ROM/22/28,evsb,ja,ev/Rolanberry Fields [S],
ROM/22/29,evsb,ja,ev/Beadeaux [S],
ROM/22/30,evsb,ja,ev/Ruhotz Silvermines,
ROM/22/31,evsb,ja,ev/Windurst Waters [S],
ROM/22/32,evsb,ja,ev/West Sarutabaruta [S],
ROM/22/33,evsb,ja,ev/Fort Karugo-Narugo [S],
ROM/22/34,evsb,ja,ev/Meriphataud Mountains [S],
ROM/22/35,evsb,ja,ev/Sauromugue Champaign [S],
ROM/22/36,evsb,ja,ev/Castle Oztroja [S],
ROM/22/37,evsb,ja,ev/West Ronfaure,
ROM/22/38,evsb,ja,ev/East Ronfaure,
ROM/22/39,evsb,ja,ev/La Theine Plateau,
ROM/22/40,evsb,ja,ev/Valkurm Dunes,
ROM/22/41,evsb,ja,ev/Jugner Forest,
ROM/22/42,evsb,ja,ev/Batallia Downs,
ROM/22/43,evsb,ja,ev/North Gustaberg,
ROM/22/44,evsb,ja,ev/South Gustaberg,
ROM/22/45,evsb,ja,ev/Konschtat Highlands,
ROM/22/46,evsb,ja,ev/Pashhow Marshlands,
ROM/22/47,evsb,ja,ev/Rolanberry Fields,
ROM/22/48,evsb,ja,ev/Beaucedine Glacier,
ROM/22/49,evsb,ja,ev/Xarcabard,
ROM2/13/50,evsb,ja,ev/Cape Teriggan,
ROM2/13/51,evsb,ja,ev/Eastern Altepa Desert,
ROM/22/52,evsb,ja,ev/West Sarutabaruta,
ROM/22/53,evsb,ja,ev/East Sarutabaruta,
ROM/22/54,evsb,ja,ev/Tahrongi Canyon,
ROM/22/55,evsb,ja,ev/Buburimu Peninsula,
ROM/22/56,evsb,ja,ev/Meriphataud Mountains,
ROM/22/57,evsb,ja,ev/Sauromugue Champaign,
ROM2/13/52,evsb,ja,ev/The Sanctuary of Zi'Tah,
ROM2/13/53,evsb,ja,ev/Ro'Maeve,
ROM2/13/54,evsb,ja,ev/Yuhtunga Jungle,
ROM2/13/55,evsb,ja,ev/Yhoator Jungle,
ROM2/13/56,evsb,ja,ev/Western Altepa Desert,
ROM/22/63,evsb,ja,ev/Qufim Island,
ROM/22/64,evsb,ja,ev/Behemoth's Dominion,
ROM2/13/57,evsb,ja,ev/Valley of Sorrows,
ROM/22/66,evsb,ja,ev/Ghoyu's Reverie,
ROM2/13/58,evsb,ja,ev/Ru'Aun Gardens,
ROM/22/68,evsb,ja,ev/Mordion Gaol,
ROM/22/69,evsb,ja,ev/Abyssea - La Theine,
ROM9/8/69,evsb,ja,ev/Outer Ra'Kaznar [U2],
ROM2/13/59,evsb,ja,ev/Dynamis - Beaucedine,
ROM2/13/60,evsb,ja,ev/Dynamis - Xarcabard,
ROM/22/73,evsb,ja,ev/Beaucedine Glacier [S],
ROM/22/74,evsb,ja,ev/Xarcabard [S],
ROM/22/75,evsb,ja,ev/Castle Zvahl Baileys [S],
ROM/22/76,evsb,ja,ev/Horlais Peak,
ROM/22/77,evsb,ja,ev/Ghelsba Outpost,
ROM/22/78,evsb,ja,ev/Fort Ghelsba,
ROM/22/79,evsb,ja,ev/Yughott Grotto,
ROM/22/80,evsb,ja,ev/Palborough Mines,
ROM/22/81,evsb,ja,ev/Waughroon Shrine,
ROM/22/82,evsb,ja,ev/Giddeus,
ROM/22/83,evsb,ja,ev/Balga's Dais,
ROM/22/84,evsb,ja,ev/Beadeaux,
ROM/22/85,evsb,ja,ev/Qulun Dome,
ROM/22/86,evsb,ja,ev/Davoi,
ROM/22/87,evsb,ja,ev/Monastic Cavern,
ROM/22/88,evsb,ja,ev/Castle Oztroja,
ROM/22/89,evsb,ja,ev/Altar Room,
ROM2/13/61,evsb,ja,ev/The Boyahda Tree,
ROM2/13/62,evsb,ja,ev/Dragon's Aery,
ROM/22/92,evsb,ja,ev/Castle Zvahl Keep [S],
ROM/22/93,evsb,ja,ev/Throne Room [S],
ROM/22/94,evsb,ja,ev/Middle Delkfutt's Tower,
ROM/22/95,evsb,ja,ev/Upper Delkfutt's Tower,
ROM2/13/63,evsb,ja,ev/Temple of Uggalepih,
ROM2/13/64,evsb,ja,ev/Den of Rancor,
ROM/22/98,evsb,ja,ev/Castle Zvahl Baileys,
ROM/22/99,evsb,ja,ev/Castle Zvahl Keep,
ROM2/13/65,evsb,ja,ev/Sacrificial Chamber,
ROM/22/101,evsb,ja,ev/Garlaige Citadel [S],
ROM/22/102,evsb,ja,ev/Throne Room,
ROM/22/103,evsb,ja,ev/Ranguemont Pass,
ROM/22/104,evsb,ja,ev/Bostaunieux Oubliette,
ROM2/13/66,evsb,ja,ev/Chamber of Oracles,
ROM/22/106,evsb,ja,ev/Toraimarai Canal,
ROM2/13/67,evsb,ja,ev/Full Moon Fountain,
ROM/22/108,evsb,ja,ev/Crawlers' Nest [S],
ROM/22/109,evsb,ja,ev/Zeruhn Mines,
ROM2/13/68,evsb,ja,ev/Korroloka Tunnel,
ROM2/13/69,evsb,ja,ev/Kuftal Tunnel,
ROM/22/112,evsb,ja,ev/The Eldieme Necropolis [S],
ROM2/13/70,evsb,ja,ev/Sea Serpent Grotto,
ROM2/13/71,evsb,ja,ev/Ve'Lugannon Palace,
ROM2/13/72,evsb,ja,ev/The Shrine of Ru'Avitau,
ROM2/13/73,evsb,ja,ev/Stellar Fulcrum,
ROM2/13/74,evsb,ja,ev/La'Loff Amphitheater,
ROM2/13/75,evsb,ja,ev/The Celestial Nexus,
ROM/22/119,evsb,ja,ev/Walk of Echoes,
ROM/22/120,evsb,ja,ev/Maquette Abdhaljs-LegionA,
ROM/22/121,evsb,ja,ev/Lower Delkfutt's Tower,
ROM2/13/76,evsb,ja,ev/Dynamis - San d'Oria,
ROM2/13/77,evsb,ja,ev/Dynamis - Bastok,
ROM2/13/78,evsb,ja,ev/Dynamis - Windurst,
ROM2/13/79,evsb,ja,ev/Dynamis - Jeuno,
ROM/22/126,evsb,ja,ev/Outer Ra'Kaznar [U3],
ROM/22/127,evsb,ja,ev/King Ranperre's Tomb,
ROM/23/0,evsb,ja,ev/Dangruf Wadi,
ROM/23/1,evsb,ja,ev/Inner Horutoto Ruins,
ROM/23/2,evsb,ja,ev/Ordelle's Caves,
ROM/23/3,evsb,ja,ev/Outer Horutoto Ruins,
ROM/23/4,evsb,ja,ev/The Eldieme Necropolis,
ROM/23/5,evsb,ja,ev/Gusgen Mines,
ROM/23/6,evsb,ja,ev/Crawlers' Nest,
ROM/23/7,evsb,ja,ev/Maze of Shakhrami,
ROM/23/8,evsb,ja,ev/199,
ROM/23/9,evsb,ja,ev/Garlaige Citadel,
ROM2/13/80,evsb,ja,ev/Cloister of Gales,
ROM2/13/81,evsb,ja,ev/Cloister of Storms,
ROM2/13/82,evsb,ja,ev/Cloister of Frost,
ROM/23/13,evsb,ja,ev/Fei'Yin,
ROM2/13/83,evsb,ja,ev/Ifrit's Cauldron,
ROM/23/15,evsb,ja,ev/Qu'Bia Arena,
ROM2/13/84,evsb,ja,ev/Cloister of Flames,
ROM2/13/85,evsb,ja,ev/Quicksand Caves,
ROM2/13/86,evsb,ja,ev/Cloister of Tremors,
ROM/23/19,evsb,ja,ev/210,
ROM2/13/87,evsb,ja,ev/Cloister of Tides,
ROM2/13/88,evsb,ja,ev/Gustav Tunnel,
ROM2/13/89,evsb,ja,ev/Labyrinth of Onzozo,
ROM/23/23,evsb,ja,ev/214,
ROM/23/24,evsb,ja,ev/Abyssea - Attohwa,
ROM/23/25,evsb,ja,ev/Abyssea - Misareaux,
ROM/23/26,evsb,ja,ev/Abyssea - Vunkerl,
ROM/23/27,evsb,ja,ev/Abyssea - Altepa,
ROM/23/28,evsb,ja,ev/219,
ROM/23/29,evsb,ja,ev/Ship bound for Selbina,
ROM/23/30,evsb,ja,ev/Ship bound for Mhaura,
ROM/23/31,evsb,ja,ev/Provenance,
ROM/23/32,evsb,ja,ev/San d'Oria-Jeuno Airship,
ROM/23/33,evsb,ja,ev/Bastok-Jeuno Airship,
ROM/23/34,evsb,ja,ev/Windurst-Jeuno Airship,
ROM2/13/90,evsb,ja,ev/Kazham-Jeuno Airship,
ROM/23/36,evsb,ja,evx/Ship bound for Selbina,
ROM/23/37,evsb,ja,evx/Ship bound for Mhaura,
ROM/23/38,evsb,ja,ev/Throne Room [V],
ROM/23/39,evsb,ja,ev/Southern San d'Oria,
ROM/23/40,evsb,ja,ev/Northern San d'Oria,
ROM/23/41,evsb,ja,ev/Port San d'Oria,
ROM/23/42,evsb,ja,ev/Chateau d'Oraguille,
ROM/23/43,evsb,ja,ev/Bastok Mines,
ROM/23/44,evsb,ja,ev/Bastok Markets,
ROM/23/45,evsb,ja,ev/Port Bastok,
ROM/23/46,evsb,ja,ev/Metalworks,
ROM/23/47,evsb,ja,ev/Windurst Waters,
ROM/23/48,evsb,ja,ev/Windurst Walls,
ROM/23/49,evsb,ja,ev/Port Windurst,
ROM/23/50,evsb,ja,ev/Windurst Woods,
ROM/23/51,evsb,ja,ev/Heavens Tower,
ROM/23/52,evsb,ja,ev/Ru'Lude Gardens,
ROM/23/53,evsb,ja,ev/Upper Jeuno,
ROM/23/54,evsb,ja,ev/Lower Jeuno,
ROM/23/55,evsb,ja,ev/Port Jeuno,
ROM2/13/91,evsb,ja,ev/Rabao,
ROM/23/57,evsb,ja,ev/Selbina,
ROM/23/58,evsb,ja,ev/Mhaura,
ROM2/13/92,evsb,ja,ev/Kazham,
ROM2/13/93,evsb,ja,ev/Hall of the Gods,
ROM2/13/94,evsb,ja,ev/Norg,
ROM/23/62,evsb,ja,ev/Abyssea - Uleguerand,
ROM/23/63,evsb,ja,ev/Abyssea - Grauberg,
ROM/23/64,evsb,ja,ev/Abyssea - Empyreal Paradox,
ROM9/5/77,evsb,ja,ev/Western Adoulin,
ROM9/5/78,evsb,ja,ev/Eastern Adoulin,
ROM9/5/79,evsb,ja,ev/Rala Waterways,
ROM9/5/80,evsb,ja,ev/Rala Waterways [U],
ROM9/5/81,evsb,ja,ev/Yahse Hunting Grounds,
ROM9/5/82,evsb,ja,ev/Ceizak Battlegrounds,
ROM9/5/83,evsb,ja,ev/Foret de Hennetiel,
ROM9/5/84,evsb,ja,ev/Yorcia Weald,
ROM9/5/85,evsb,ja,ev/Yorcia Weald [U],
ROM9/5/86,evsb,ja,ev/Morimar Basalt Fields,
ROM9/5/87,evsb,ja,ev/Marjami Ravine,
ROM9/5/88,evsb,ja,ev/Kamihr Drifts,
ROM9/5/89,evsb,ja,ev/Sih Gates,
ROM9/5/90,evsb,ja,ev/Moh Gates,
ROM9/5/91,evsb,ja,ev/Cirdas Caverns,
ROM9/5/92,evsb,ja,ev/Cirdas Caverns [U],
ROM9/5/93,evsb,ja,ev/Dho Gates,
ROM9/5/94,evsb,ja,ev/Woh Gates,
ROM9/5/95,evsb,ja,ev/Outer Ra'Kaznar,
ROM9/5/96,evsb,ja,ev/Outer Ra'Kaznar [U1],
ROM9/5/97,evsb,ja,ev/Ra'Kaznar Inner Court,
ROM9/5/98,evsb,ja,ev/Ra'Kaznar Turris,
ROM/375/126,evsb,ja,ev/Gwora - Corridor,
ROM9/5/100,evsb,ja,ev/Walk of Echoes [P2],
ROM/303/30,evsb,ja,ev/Mog Garden,
ROM/315/106,evsb,ja,ev/Leafallia,
ROM/315/107,evsb,ja,ev/Mount Kamihr,
ROM/374/97,evsb,ja,ev/Silver Knife,
ROM/303/31,evsb,ja,ev/Celennia Memorial Library,
ROM/306/57,evsb,ja,ev/Feretory,
ROM/362/21,evsb,ja,ev/Maquette Abdhaljs-LegionB,
ROM/332/105,evsb,ja,ev/Escha - Zi'Tah,
ROM/337/62,evsb,ja,ev/Escha - Ru'Aun,
ROM/342/81,evsb,ja,ev/Desuetia - Empyreal Paradox,
ROM/342/82,evsb,ja,ev/Reisenjima,
ROM/353/57,evsb,ja,ev/Reisenjima Henge,
ROM/342/83,evsb,ja,ev/Reisenjima Sanctorium,
ROM/354/112,evsb,ja,ev/Dynamis - San d'Oria [D],
ROM/355/7,evsb,ja,ev/Dynamis - Bastok [D],
ROM/355/35,evsb,ja,ev/Dynamis - Windurst [D],
ROM/355/50,evsb,ja,ev/Dynamis - Jeuno [D],
ROM/361/88,evsb,ja,ev/Walk of Echoes [P1],
ROM/378/102,evsb,ja,ev/Gwora - Throne Room,
ROM3/2/10,evsb,en,ev/unknown,
ROM3/2/11,evsb,en,ev/Phanauet Channel,
ROM3/2/12,evsb,en,ev/Carpenters' Landing,
ROM3/2/13,evsb,en,ev/Manaclipper,
ROM3/2/14,evsb,en,ev/Bibiki Bay,
ROM3/2/15,evsb,en,ev/Uleguerand Range,
ROM3/2/16,evsb,en,ev/Bearclaw Pinnacle,
ROM3/2/17,evsb,en,ev/Attohwa Chasm,
ROM3/2/18,evsb,en,ev/Boneyard Gully,
ROM3/2/19,evsb,en,ev/Pso'Xja,
ROM3/2/20,evsb,en,ev/The Shrouded Maw,
ROM3/2/21,evsb,en,ev/Oldton Movalpolos,
ROM3/2/22,evsb,en,ev/Newton Movalpolos,
ROM3/2/23,evsb,en,ev/Mine Shaft #2716,
ROM3/2/24,evsb,en,ev/Hall of Transference,
ROM/23/80,evsb,en,ev/Abyssea - Konschtat,
ROM3/2/26,evsb,en,ev/Promyvion - Holla,
ROM3/2/27,evsb,en,ev/Spire of Holla,
ROM3/2/28,evsb,en,ev/Promyvion - Dem,
ROM3/2/29,evsb,en,ev/Spire of Dem,
ROM3/2/30,evsb,en,ev/Promyvion - Mea,
ROM3/2/31,evsb,en,ev/Spire of Mea,
ROM3/2/32,evsb,en,ev/Promyvion - Vahzl,
ROM3/2/33,evsb,en,ev/Spire of Vahzl,
ROM3/2/34,evsb,en,ev/Lufaise Meadows,
ROM3/2/35,evsb,en,ev/Misareaux Coast,
ROM3/2/36,evsb,en,ev/Tavnazian Safehold,
ROM3/2/37,evsb,en,ev/Phomiuna Aqueducts,
ROM3/2/38,evsb,en,ev/Sacrarium,
ROM3/2/39,evsb,en,ev/Riverne - Site B01,
ROM3/2/40,evsb,en,ev/Riverne - Site A01,
ROM3/2/41,evsb,en,ev/Monarch Linn,
ROM3/2/42,evsb,en,ev/Sealion's Den,
ROM3/2/43,evsb,en,ev/Al'Taieu,
ROM3/2/44,evsb,en,ev/Grand Palace of Hu'Xzoi,
ROM3/2/45,evsb,en,ev/The Garden of Ru'Hmet,
ROM3/2/46,evsb,en,ev/Empyreal Paradox,
ROM3/2/47,evsb,en,ev/Temenos,
ROM3/2/48,evsb,en,ev/Apollyon,
ROM3/2/49,evsb,en,ev/Dynamis - Valkurm,
ROM3/2/50,evsb,en,ev/Dynamis - Buburimu,
ROM3/2/51,evsb,en,ev/Dynamis - Qufim,
ROM3/2/52,evsb,en,ev/Dynamis - Tavnazia,
ROM3/2/53,evsb,en,ev/Diorama Abdhaljs-Ghelsba,
ROM3/2/54,evsb,en,ev/Abdhaljs Isle-Purgonorgo,
ROM/23/110,evsb,en,ev/Abyssea - Tahrongi,
ROM4/0/119,evsb,en,ev/Open sea route to Al Zahbi,
ROM4/0/120,evsb,en,ev/Open sea route to Mhaura,
ROM4/0/121,evsb,en,ev/Al Zahbi,
ROM4/0/122,evsb,en,ev/none,
ROM4/0/123,evsb,en,ev/Aht Urhgan Whitegate,
ROM4/0/124,evsb,en,ev/Wajaom Woodlands,
ROM4/0/125,evsb,en,ev/Bhaflau Thickets,
ROM4/0/126,evsb,en,ev/Nashmau,
ROM4/0/127,evsb,en,ev/Arrapago Reef,
ROM4/1/0,evsb,en,ev/Ilrusi Atoll,
ROM4/1/1,evsb,en,ev/Periqia,
ROM4/1/2,evsb,en,ev/Talacca Cove,
ROM4/1/3,evsb,en,ev/Silver Sea route to Nashmau,
ROM4/1/4,evsb,en,ev/Silver Sea route to Al Zahbi,
ROM4/1/5,evsb,en,ev/The Ashu Talif,
ROM4/1/6,evsb,en,ev/Mount Zhayolm,
ROM4/1/7,evsb,en,ev/Halvung,
ROM4/1/8,evsb,en,ev/Lebros Cavern,
ROM4/1/9,evsb,en,ev/Navukgo Execution Chamber,
ROM4/1/10,evsb,en,ev/Mamook,
ROM4/1/11,evsb,en,ev/Mamool Ja Training Grounds,
ROM4/1/12,evsb,en,ev/Jade Sepulcher,
ROM4/1/13,evsb,en,ev/Aydeewa Subterrane,
ROM4/1/14,evsb,en,ev/Leujaoam Sanctum,
ROM4/1/15,evsb,en,ev/Chocobo Circuit,
ROM4/1/16,evsb,en,ev/The Colosseum,
ROM4/1/17,evsb,en,ev/Alzadaal Undersea Ruins,
ROM4/1/18,evsb,en,ev/Zhayolm Remnants,
ROM4/1/19,evsb,en,ev/Arrapago Remnants,
ROM4/1/20,evsb,en,ev/Bhaflau Remnants,
ROM4/1/21,evsb,en,ev/Silver Sea Remnants,
ROM4/1/22,evsb,en,ev/Nyzul Isle,
ROM4/1/23,evsb,en,ev/Hazhalm Testing Grounds,
ROM4/1/24,evsb,en,ev/Caedarva Mire,
ROM/24/17,evsb,en,ev/Southern San d'Oria [S],
ROM/24/18,evsb,en,ev/East Ronfaure [S],
ROM/24/19,evsb,en,ev/Jugner Forest [S],
ROM/24/20,evsb,en,ev/Vunkerl Inlet [S],
ROM/24/21,evsb,en,ev/Batallia Downs [S],
ROM/24/22,evsb,en,ev/La Vaule [S],
ROM/24/23,evsb,en,ev/Everbloom Hollow,
ROM/24/24,evsb,en,ev/Bastok Markets [S],
ROM/24/25,evsb,en,ev/North Gustaberg [S],
ROM/24/26,evsb,en,ev/Grauberg [S],
ROM/24/27,evsb,en,ev/Pashhow Marshlands [S],
ROM/24/28,evsb,en,ev/Rolanberry Fields [S],
ROM/24/29,evsb,en,ev/Beadeaux [S],
ROM/24/30,evsb,en,ev/Ruhotz Silvermines,
ROM/24/31,evsb,en,ev/Windurst Waters [S],
ROM/24/32,evsb,en,ev/West Sarutabaruta [S],
ROM/24/33,evsb,en,ev/Fort Karugo-Narugo [S],
ROM/24/34,evsb,en,ev/Meriphataud Mountains [S],
ROM/24/35,evsb,en,ev/Sauromugue Champaign [S],
ROM/24/36,evsb,en,ev/Castle Oztroja [S],
ROM/24/37,evsb,en,ev/West Ronfaure,
ROM/24/38,evsb,en,ev/East Ronfaure,
ROM/24/39,evsb,en,ev/La Theine Plateau,
ROM/24/40,evsb,en,ev/Valkurm Dunes,
ROM/24/41,evsb,en,ev/Jugner Forest,
ROM/24/42,evsb,en,ev/Batallia Downs,
ROM/24/43,evsb,en,ev/North Gustaberg,
ROM/24/44,evsb,en,ev/South Gustaberg,
ROM/24/45,evsb,en,ev/Konschtat Highlands,
ROM/24/46,evsb,en,ev/Pashhow Marshlands,
ROM/24/47,evsb,en,ev/Rolanberry Fields,
ROM/24/48,evsb,en,ev/Beaucedine Glacier,
ROM/24/49,evsb,en,ev/Xarcabard,
ROM2/17/46,evsb,en,ev/Cape Teriggan,
ROM2/17/47,evsb,en,ev/Eastern Altepa Desert,
ROM/24/52,evsb,en,ev/West Sarutabaruta,
ROM/24/53,evsb,en,ev/East Sarutabaruta,
ROM/24/54,evsb,en,ev/Tahrongi Canyon,
ROM/24/55,evsb,en,ev/Buburimu Peninsula,
ROM/24/56,evsb,en,ev/Meriphataud Mountains,
ROM/24/57,evsb,en,ev/Sauromugue Champaign,
ROM2/17/54,evsb,en,ev/The Sanctuary of Zi'Tah,
ROM2/17/55,evsb,en,ev/Ro'Maeve,
ROM2/17/56,evsb,en,ev/Yuhtunga Jungle,
ROM2/17/57,evsb,en,ev/Yhoator Jungle,
ROM2/17/58,evsb,en,ev/Western Altepa Desert,
ROM/24/63,evsb,en,ev/Qufim Island,
ROM/24/64,evsb,en,ev/Behemoth's Dominion,
ROM2/17/61,evsb,en,ev/Valley of Sorrows,
ROM/24/66,evsb,en,ev/Ghoyu's Reverie,
ROM2/17/63,evsb,en,ev/Ru'Aun Gardens,
ROM/24/68,evsb,en,ev/Mordion Gaol,
ROM/24/69,evsb,en,ev/Abyssea - La Theine,
ROM9/8/70,evsb,en,ev/Outer Ra'Kaznar [U2],
ROM2/17/67,evsb,en,ev/Dynamis - Beaucedine,
ROM2/17/68,evsb,en,ev/Dynamis - Xarcabard,
ROM/24/73,evsb,en,ev/Beaucedine Glacier [S],
ROM/24/74,evsb,en,ev/Xarcabard [S],
ROM/24/75,evsb,en,ev/Castle Zvahl Baileys [S],
ROM/24/76,evsb,en,ev/Horlais Peak,
ROM/24/77,evsb,en,ev/Ghelsba Outpost,
ROM/24/78,evsb,en,ev/Fort Ghelsba,
ROM/24/79,evsb,en,ev/Yughott Grotto,
ROM/24/80,evsb,en,ev/Palborough Mines,
ROM/24/81,evsb,en,ev/Waughroon Shrine,
ROM/24/82,evsb,en,ev/Giddeus,
ROM/24/83,evsb,en,ev/Balga's Dais,
ROM/24/84,evsb,en,ev/Beadeaux,
ROM/24/85,evsb,en,ev/Qulun Dome,
ROM/24/86,evsb,en,ev/Davoi,
ROM/24/87,evsb,en,ev/Monastic Cavern,
ROM/24/88,evsb,en,ev/Castle Oztroja,
ROM/24/89,evsb,en,ev/Altar Room,
ROM2/17/86,evsb,en,ev/The Boyahda Tree,
ROM2/17/87,evsb,en,ev/Dragon's Aery,
ROM/24/92,evsb,en,ev/Castle Zvahl Keep [S],
ROM/24/93,evsb,en,ev/Throne Room [S],
ROM/24/94,evsb,en,ev/Middle Delkfutt's Tower,
ROM/24/95,evsb,en,ev/Upper Delkfutt's Tower,
ROM2/17/92,evsb,en,ev/Temple of Uggalepih,
ROM2/17/93,evsb,en,ev/Den of Rancor,
ROM/24/98,evsb,en,ev/Castle Zvahl Baileys,
ROM/24/99,evsb,en,ev/Castle Zvahl Keep,
ROM2/17/96,evsb,en,ev/Sacrificial Chamber,
ROM/24/101,evsb,en,ev/Garlaige Citadel [S],
ROM/24/102,evsb,en,ev/Throne Room,
ROM/24/103,evsb,en,ev/Ranguemont Pass,
ROM/24/104,evsb,en,ev/Bostaunieux Oubliette,
ROM2/17/101,evsb,en,ev/Chamber of Oracles,
ROM/24/106,evsb,en,ev/Toraimarai Canal,
ROM2/17/103,evsb,en,ev/Full Moon Fountain,
ROM/24/108,evsb,en,ev/Crawlers' Nest [S],
ROM/24/109,evsb,en,ev/Zeruhn Mines,
ROM2/17/106,evsb,en,ev/Korroloka Tunnel,
ROM2/17/107,evsb,en,ev/Kuftal Tunnel,
ROM/24/112,evsb,en,ev/The Eldieme Necropolis [S],
ROM2/17/109,evsb,en,ev/Sea Serpent Grotto,
ROM2/17/110,evsb,en,ev/Ve'Lugannon Palace,
ROM2/17/111,evsb,en,ev/The Shrine of Ru'Avitau,
ROM2/17/112,evsb,en,ev/Stellar Fulcrum,
ROM2/17/113,evsb,en,ev/La'Loff Amphitheater,
ROM2/17/114,evsb,en,ev/The Celestial Nexus,
ROM/24/119,evsb,en,ev/Walk of Echoes,
ROM/24/120,evsb,en,ev/Maquette Abdhaljs-LegionA,
ROM/24/121,evsb,en,ev/Lower Delkfutt's Tower,
ROM2/17/118,evsb,en,ev/Dynamis - San d'Oria,
ROM2/17/119,evsb,en,ev/Dynamis - Bastok,
ROM2/17/120,evsb,en,ev/Dynamis - Windurst,
ROM2/17/121,evsb,en,ev/Dynamis - Jeuno,
ROM/24/126,evsb,en,ev/Outer Ra'Kaznar [U3],
ROM/24/127,evsb,en,ev/King Ranperre's Tomb,
ROM/25/0,evsb,en,ev/Dangruf Wadi,
ROM/25/1,evsb,en,ev/Inner Horutoto Ruins,
ROM/25/2,evsb,en,ev/Ordelle's Caves,
ROM/25/3,evsb,en,ev/Outer Horutoto Ruins,
ROM/25/4,evsb,en,ev/The Eldieme Necropolis,
ROM/25/5,evsb,en,ev/Gusgen Mines,
ROM/25/6,evsb,en,ev/Crawlers' Nest,
ROM/25/7,evsb,en,ev/Maze of Shakhrami,
ROM/25/8,evsb,en,ev/199,
ROM/25/9,evsb,en,ev/Garlaige Citadel,
ROM2/18/6,evsb,en,ev/Cloister of Gales,
ROM2/18/7,evsb,en,ev/Cloister of Storms,
ROM2/18/8,evsb,en,ev/Cloister of Frost,
ROM/25/13,evsb,en,ev/Fei'Yin,
ROM2/18/10,evsb,en,ev/Ifrit's Cauldron,
ROM/25/15,evsb,en,ev/Qu'Bia Arena,
ROM2/18/12,evsb,en,ev/Cloister of Flames,
ROM2/18/13,evsb,en,ev/Quicksand Caves,
ROM2/18/14,evsb,en,ev/Cloister of Tremors,
ROM/25/19,evsb,en,ev/210,
ROM2/18/16,evsb,en,ev/Cloister of Tides,
ROM2/18/17,evsb,en,ev/Gustav Tunnel,
ROM2/18/18,evsb,en,ev/Labyrinth of Onzozo,
ROM/25/23,evsb,en,ev/214,
ROM/25/24,evsb,en,ev/Abyssea - Attohwa,
ROM/25/25,evsb,en,ev/Abyssea - Misareaux,
ROM/25/26,evsb,en,ev/Abyssea - Vunkerl,
ROM/25/27,evsb,en,ev/Abyssea - Altepa,
ROM/25/28,evsb,en,ev/219,
ROM/25/29,evsb,en,ev/Ship bound for Selbina,
ROM/25/30,evsb,en,ev/Ship bound for Mhaura,
ROM/25/31,evsb,en,ev/Provenance,
ROM/25/32,evsb,en,ev/San d'Oria-Jeuno Airship,
ROM/25/33,evsb,en,ev/Bastok-Jeuno Airship,
ROM/25/34,evsb,en,ev/Windurst-Jeuno Airship,
ROM2/18/31,evsb,en,ev/Kazham-Jeuno Airship,
ROM/25/36,evsb,en,evx/Ship bound for Selbina,
ROM/25/37,evsb,en,evx/Ship bound for Mhaura,
ROM/25/38,evsb,en,ev/Throne Room [V],
ROM/25/39,evsb,en,ev/Southern San d'Oria,
ROM/25/40,evsb,en,ev/Northern San d'Oria,
ROM/25/41,evsb,en,ev/Port San d'Oria,
ROM/25/42,evsb,en,ev/Chateau d'Oraguille,
ROM/25/43,evsb,en,ev/Bastok Mines,
ROM/25/44,evsb,en,ev/Bastok Markets,
ROM/25/45,evsb,en,ev/Port Bastok,
ROM/25/46,evsb,en,ev/Metalworks,
ROM/25/47,evsb,en,ev/Windurst Waters,
ROM/25/48,evsb,en,ev/Windurst Walls,
ROM/25/49,evsb,en,ev/Port Windurst,
ROM/25/50,evsb,en,ev/Windurst Woods,
ROM/25/51,evsb,en,ev/Heavens Tower,
ROM/25/52,evsb,en,ev/Ru'Lude Gardens,
ROM/25/53,evsb,en,ev/Upper Jeuno,
ROM/25/54,evsb,en,ev/Lower Jeuno,
ROM/25/55,evsb,en,ev/Port Jeuno,
ROM2/18/52,evsb,en,ev/Rabao,
ROM/25/57,evsb,en,ev/Selbina,
ROM/25/58,evsb,en,ev/Mhaura,
ROM2/18/55,evsb,en,ev/Kazham,
ROM2/18/56,evsb,en,ev/Hall of the Gods,
ROM2/18/57,evsb,en,ev/Norg,
ROM/25/62,evsb,en,ev/Abyssea - Uleguerand,
ROM/25/63,evsb,en,ev/Abyssea - Grauberg,
ROM/25/64,evsb,en,ev/Abyssea - Empyreal Paradox,
ROM9/5/101,evsb,en,ev/Western Adoulin,
ROM9/5/102,evsb,en,ev/Eastern Adoulin,
ROM9/5/103,evsb,en,ev/Rala Waterways,
ROM9/5/104,evsb,en,ev/Rala Waterways [U],
ROM9/5/105,evsb,en,ev/Yahse Hunting Grounds,
ROM9/5/106,evsb,en,ev/Ceizak Battlegrounds,
ROM9/5/107,evsb,en,ev/Foret de Hennetiel,
ROM9/5/108,evsb,en,ev/Yorcia Weald,
ROM9/5/109,evsb,en,ev/Yorcia Weald [U],
ROM9/5/110,evsb,en,ev/Morimar Basalt Fields,
ROM9/5/111,evsb,en,ev/Marjami Ravine,
ROM9/5/112,evsb,en,ev/Kamihr Drifts,
ROM9/5/113,evsb,en,ev/Sih Gates,
ROM9/5/114,evsb,en,ev/Moh Gates,
ROM9/5/115,evsb,en,ev/Cirdas Caverns,
ROM9/5/116,evsb,en,ev/Cirdas Caverns [U],
ROM9/5/117,evsb,en,ev/Dho Gates,
ROM9/5/118,evsb,en,ev/Woh Gates,
ROM9/5/119,evsb,en,ev/Outer Ra'Kaznar,
ROM9/5/120,evsb,en,ev/Outer Ra'Kaznar [U1],
ROM9/5/121,evsb,en,ev/Ra'Kaznar Inner Court,
ROM9/5/122,evsb,en,ev/Ra'Kaznar Turris,
ROM/375/127,evsb,en,ev/Gwora - Corridor,
ROM9/5/124,evsb,en,ev/Walk of Echoes [P2],
ROM/303/32,evsb,en,ev/Mog Garden,
ROM/315/108,evsb,en,ev/Leafallia,
ROM/315/109,evsb,en,ev/Mount Kamihr,
ROM/374/98,evsb,en,ev/Silver Knife,
ROM/303/33,evsb,en,ev/Celennia Memorial Library,
ROM/306/58,evsb,en,ev/Feretory,
ROM/362/22,evsb,en,ev/Maquette Abdhaljs-LegionB,
ROM/332/106,evsb,en,ev/Escha - Zi'Tah,
ROM/337/63,evsb,en,ev/Escha - Ru'Aun,
ROM/342/84,evsb,en,ev/Desuetia - Empyreal Paradox,
ROM/342/85,evsb,en,ev/Reisenjima,
ROM/353/58,evsb,en,ev/Reisenjima Henge,
ROM/342/86,evsb,en,ev/Reisenjima Sanctorium,
ROM/354/113,evsb,en,ev/Dynamis - San d'Oria [D],
ROM/355/8,evsb,en,ev/Dynamis - Bastok [D],
ROM/355/36,evsb,en,ev/Dynamis - Windurst [D],
ROM/355/51,evsb,en,ev/Dynamis - Jeuno [D],
ROM/361/89,evsb,en,ev/Walk of Echoes [P1],
ROM/378/103,evsb,en,ev/Gwora - Throne Room,
ROM/168/24,fp,ja,fixed_phrase,
ROM/168/25,fp,en,fixed_phrase,
ROM/337/67,evsb,ja,gev/Unity Concord,
ROM/337/68,evsb,en,gev/Unity Concord,
ROM/0/4,inb,ja,itm/normal,1|2
ROM/0/5,iub,ja,itm/usable,1|2
ROM/0/6,iwb,ja,itm/weapon,1|2
ROM/0/7,iab,ja,itm/armor,1|2
ROM/0/8,ipb,ja,itm/puppet,1|2
ROM/0/9,icb,ja,itm/currency,
ROM/118/106,inb,en,itm/normal,
ROM/118/107,iub,en,itm/usable,
ROM/118/108,iwb,en,itm/weapon,
ROM/118/109,iab,en,itm/armor,
ROM/118/110,ipb,en,itm/puppet,
ROM/174/48,icb,en,itm/currency,
ROM/0/12,sd,ja,sys/status_data,
ROM/119/57,sd,en,sys/status_data,
ROM/301/114,inb,ja,itm/normal2,1|2
ROM/301/115,inb,en,itm/normal2,
ROM/217/20,isb,ja,itm/slip,1|2
ROM/217/21,isb,en,itm/slip,
ROM/286/72,iab,ja,itm/armor2,1|2
ROM/286/73,iab,en,itm/armor2,
ROM/288/66,mbd,ja,mb/mb_data,
ROM/288/67,mbd,en,mb/mb_data,
ROM/288/68,mbd,de,mb/mb_data,
ROM/288/69,mbd,fr,mb/mb_data,
ROM/307/15,erq,ja,roe/roe_quest,
ROM/307/16,erq,en,roe/roe_quest,
ROM/307/17,erq,de,roe/roe_quest,
ROM/307/18,erq,fr,roe/roe_quest,
ROM/307/23,erc,ja,roe/roe_category,
ROM/307/24,erc,en,roe/roe_category,
ROM/307/25,erc,de,roe/roe_category,
ROM/307/26,erc,fr,roe/roe_category,
ROM/384/120,dmsg,ja,sys/faith_points,
ROM/384/121,dmsg,en,sys/faith_points,
ROM/288/80,iib,en,itm/mbi,
ROM/288/79,iib,ja,itm/mbi,
ROM/281/84,evsb,ja,evx/id/ukn1
ROM/281/85,evsb,ja,evx/id/ukn2
ROM/281/86,evsb,ja,evx/id/ukn3
ROM/281/87,evsb,ja,evx/id/ukn4
ROM/281/88,evsb,en,evx/id/ukn1
ROM/281/89,evsb,en,evx/id/ukn2
ROM/281/90,evsb,en,evx/id/ukn3
ROM/281/91,evsb,en,evx/id/ukn4
ROM/281/92,evsb,de,evx/id/ukn1
ROM/281/93,evsb,de,evx/id/ukn2
ROM/281/94,evsb,de,evx/id/ukn3
ROM/281/95,evsb,de,evx/id/ukn4
ROM/281/96,evsb,fr,evx/id/ukn1
ROM/281/97,evsb,fr,evx/id/ukn2
ROM/281/98,evsb,fr,evx/id/ukn3
ROM/281/99,evsb,fr,evx/id/ukn4
ROM/287/16,evsb,ja,evx/id2
ROM/287/17,evsb,de,evx/id2
ROM/287/18,evsb,fr,evx/id2
ROM/288/0,evsb,en,evx/id2
ROM/288/46,evsb,ja,evx/id3/ukn1
ROM/288/47,evsb,ja,evx/id3/ukn2
ROM/288/48,evsb,ja,evx/id3/ukn3
ROM/288/49,evsb,ja,evx/id3/ukn4
ROM/288/50,evsb,ja,evx/id3/ukn5
ROM/288/51,evsb,en,evx/id3/ukn1
ROM/288/52,evsb,en,evx/id3/ukn2
ROM/288/53,evsb,en,evx/id3/ukn3
ROM/288/54,evsb,en,evx/id3/ukn4
ROM/288/55,evsb,en,evx/id3/ukn5
ROM/288/56,evsb,de,evx/id3/ukn1
ROM/288/57,evsb,de,evx/id3/ukn2
ROM/288/58,evsb,de,evx/id3/ukn3
ROM/288/59,evsb,de,evx/id3/ukn4
ROM/288/60,evsb,de,evx/id3/ukn5
ROM/288/61,evsb,fr,evx/id3/ukn1
ROM/288/62,evsb,fr,evx/id3/ukn2
ROM/288/63,evsb,fr,evx/id3/ukn3
ROM/288/64,evsb,fr,evx/id3/ukn4
ROM/288/65,evsb,fr,evx/id3/ukn5
ROM/288/112,evsb,de,ev/Mog Garden
ROM/288/113,evsb,fr,ev/Mog Garden
ROM/303/34,evsb,de,ev/Celennia Memorial Library
ROM/303/35,evsb,fr,ev/Celennia Memorial Library
ROM/306/59,evsb,de,ev/Feretory
ROM/306/60,evsb,fr,ev/Feretory
ROM/363/97,evsb,ja,evx/id4/ukn1
ROM/363/98,evsb,ja,evx/id4/ukn2
ROM/363/99,evsb,ja,evx/id4/ukn3
ROM/363/100,evsb,ja,evx/id4/ukn4
ROM/363/101,evsb,ja,evx/id4/ukn5
ROM/363/102,evsb,ja,evx/id4/ukn6
ROM/363/103,evsb,en,evx/id4/ukn1
ROM/363/104,evsb,en,evx/id4/ukn2
ROM/363/105,evsb,en,evx/id4/ukn3
ROM/363/106,evsb,en,evx/id4/ukn4
ROM/363/107,evsb,en,evx/id4/ukn5
ROM/363/108,evsb,en,evx/id4/ukn6
ROM/364/112,evsb,ja,evx/id5/ukn1
ROM/364/113,evsb,ja,evx/id5/ukn2
ROM/364/114,evsb,en,evx/id5/ukn1
ROM/364/115,evsb,en,evx/id5/ukn2
ROM/371/65,evsb,ja,evx/id6/ukn1
ROM/371/66,evsb,ja,evx/id6/ukn2
ROM/371/67,evsb,ja,evx/id6/ukn3
ROM/371/68,evsb,en,evx/id6/ukn1
ROM/371/69,evsb,en,evx/id6/ukn2
ROM/371/70,evsb,en,evx/id6/ukn3
ROM/373/42,evsb,ja,evx/id7/ukn1
ROM/373/43,evsb,ja,evx/id7/ukn2
ROM/373/44,evsb,en,evx/id7/ukn1
ROM/373/45,evsb,en,evx/id7/ukn2
ROM/374/99,evsb,de,ev/Silver Knife
ROM/374/100,evsb,fr,ev/Silver Knife
ROM/376/0,evsb,de,ev/Gwora - Corridor
ROM/376/1,evsb,fr,ev/Gwora - Corridor
ROM/376/32,evsb,ja,evx/id8
ROM/376/33,evsb,en,evx/id8
ROM/378/104,evsb,de,ev/Gwora - Throne Room
ROM/378/105,evsb,fr,ev/Gwora - Throne Room
ROM3/0/110,evev,,ev/Abdhaljs Isle-Purgonorgo,
ROM3/3/26,evac,,ev/Abdhaljs Isle-Purgonorgo,
ROM/21/27,evev,,ev/Abyssea - Altepa,
ROM/27/27,evac,,ev/Abyssea - Altepa,
ROM/21/23,evev,,ev/214,
ROM/27/23,evac,,ev/214,
ROM/21/24,evev,,ev/Abyssea - Attohwa,
ROM/27/24,evac,,ev/Abyssea - Attohwa,
ROM/21/64,evev,,ev/Abyssea - Empyreal Paradox,
ROM/27/64,evac,,ev/Abyssea - Empyreal Paradox,
ROM/21/63,evev,,ev/Abyssea - Grauberg,
ROM/27/63,evac,,ev/Abyssea - Grauberg,
ROM/19/80,evev,,ev/Abyssea - Konschtat,
ROM/25/80,evac,,ev/Abyssea - Konschtat,
ROM/20/69,evev,,ev/Abyssea - La Theine,
ROM/26/69,evac,,ev/Abyssea - La Theine,
ROM/21/25,evev,,ev/Abyssea - Misareaux,
ROM/27/25,evac,,ev/Abyssea - Misareaux,
ROM/19/110,evev,,ev/Abyssea - Tahrongi,
ROM/25/110,evac,,ev/Abyssea - Tahrongi,
ROM/21/62,evev,,ev/Abyssea - Uleguerand,
ROM/27/62,evac,,ev/Abyssea - Uleguerand,
ROM/21/26,evev,,ev/Abyssea - Vunkerl,
ROM/27/26,evac,,ev/Abyssea - Vunkerl,
ROM4/0/55,evev,,ev/Aht Urhgan Whitegate,
ROM4/1/49,evac,,ev/Aht Urhgan Whitegate,
ROM/186/95,evev,,evx/Aht Urhgan Whitegate,
ROM4/1/49,evac,,evx/Aht Urhgan Whitegate,
ROM/186/96,evev,,evx/Aht Urhgan Whitegate 2,
ROM4/1/49,evac,,evx/Aht Urhgan Whitegate 2,
ROM/286/101,evev,,evx/id2,
ROM/286/102,evac,,evx/id2,
ROM/281/76,evev,,evx/id/ukn1,
ROM/281/80,evac,,evx/id/ukn1,
ROM/281/77,evev,,evx/id/ukn2,
ROM/281/81,evac,,evx/id/ukn2,
ROM/281/78,evev,,evx/id/ukn3,
ROM/281/82,evac,,evx/id/ukn3,
ROM/281/79,evev,,evx/id/ukn4,
ROM/281/83,evac,,evx/id/ukn4,
ROM/288/36,evev,,evx/id3/ukn1,
ROM/288/41,evac,,evx/id3/ukn1,
ROM/288/37,evev,,evx/id3/ukn2,
ROM/288/42,evac,,evx/id3/ukn2,
ROM/288/38,evev,,evx/id3/ukn3,
ROM/288/43,evac,,evx/id3/ukn3,
ROM/288/39,evev,,evx/id3/ukn4,
ROM/288/44,evac,,evx/id3/ukn4,
ROM/288/40,evev,,evx/id3/ukn5,
ROM/288/45,evac,,evx/id3/ukn5,
ROM/363/61,evev,,evx/id4/ukn1,
ROM/363/67,evac,,evx/id4/ukn1,
ROM/363/62,evev,,evx/id4/ukn2,
ROM/363/68,evac,,evx/id4/ukn2,
ROM/363/63,evev,,evx/id4/ukn3,
ROM/363/69,evac,,evx/id4/ukn3,
ROM/363/64,evev,,evx/id4/ukn4,
ROM/363/70,evac,,evx/id4/ukn4,
ROM/363/65,evev,,evx/id4/ukn5,
ROM/363/71,evac,,evx/id4/ukn5,
ROM/363/66,evev,,evx/id4/ukn6,
ROM/363/72,evac,,evx/id4/ukn6,
ROM/364/108,evev,,evx/id5/ukn1,
ROM/364/110,evac,,evx/id5/ukn1,
ROM/364/109,evev,,evx/id5/ukn2,
ROM/364/111,evac,,evx/id5/ukn2,
ROM/371/59,evev,,evx/id6/ukn1,
ROM/371/62,evac,,evx/id6/ukn1,
ROM/371/60,evev,,evx/id6/ukn2,
ROM/371/63,evac,,evx/id6/ukn2,
ROM/371/61,evev,,evx/id6/ukn3,
ROM/371/64,evac,,evx/id6/ukn3,
ROM/373/40,evev,,evx/id7/ukn1,
ROM/373/59,evac,,evx/id7/ukn1,
ROM/373/41,evev,,evx/id7/ukn2,
ROM/373/60,evac,,evx/id7/ukn2,
ROM/376/30,evev,,evx/id8,
ROM/376/31,evac,,evx/id8,
ROM4/0/53,evev,,ev/Al Zahbi,
ROM4/1/47,evac,,ev/Al Zahbi,
ROM3/0/99,evev,,ev/Al'Taieu,
ROM3/3/15,evac,,ev/Al'Taieu,
ROM/20/89,evev,,ev/Altar Room,
ROM/26/89,evac,,ev/Altar Room,
ROM4/0/77,evev,,ev/Alzadaal Undersea Ruins,
ROM4/1/71,evac,,ev/Alzadaal Undersea Ruins,
ROM3/0/104,evev,,ev/Apollyon,
ROM3/3/20,evac,,ev/Apollyon,
ROM4/0/59,evev,,ev/Arrapago Reef,
ROM4/1/53,evac,,ev/Arrapago Reef,
ROM4/0/79,evev,,ev/Arrapago Remnants,
ROM4/1/73,evac,,ev/Arrapago Remnants,
ROM3/0/73,evev,,ev/Attohwa Chasm,
ROM3/2/117,evac,,ev/Attohwa Chasm,
ROM4/0/73,evev,,ev/Aydeewa Subterrane,
ROM4/1/67,evac,,ev/Aydeewa Subterrane,
ROM/20/83,evev,,ev/Balga's Dais,
ROM/26/83,evac,,ev/Balga's Dais,
ROM/21/44,evev,,ev/Bastok Markets,
ROM/27/44,evac,,ev/Bastok Markets,
ROM/20/24,evev,,ev/Bastok Markets [S],
ROM/26/24,evac,,ev/Bastok Markets [S],
ROM/21/43,evev,,ev/Bastok Mines,
ROM/27/43,evac,,ev/Bastok Mines,
ROM/21/33,evev,,ev/Bastok-Jeuno Airship,
ROM/27/33,evac,,ev/Bastok-Jeuno Airship,
ROM/20/42,evev,,ev/Batallia Downs,
ROM/26/42,evac,,ev/Batallia Downs,
ROM/20/21,evev,,ev/Batallia Downs [S],
ROM/26/21,evac,,ev/Batallia Downs [S],
ROM/20/84,evev,,ev/Beadeaux,
ROM/26/84,evac,,ev/Beadeaux,
ROM/20/29,evev,,ev/Beadeaux [S],
ROM/26/29,evac,,ev/Beadeaux [S],
ROM3/0/72,evev,,ev/Bearclaw Pinnacle,
ROM3/2/116,evac,,ev/Bearclaw Pinnacle,
ROM/20/48,evev,,ev/Beaucedine Glacier,
ROM/26/48,evac,,ev/Beaucedine Glacier,
ROM/20/73,evev,,ev/Beaucedine Glacier [S],
ROM/26/73,evac,,ev/Beaucedine Glacier [S],
ROM/20/64,evev,,ev/Behemoth's Dominion,
ROM/26/64,evac,,ev/Behemoth's Dominion,
ROM3/0/66,evev,,ev/unknown,
ROM3/2/110,evac,,ev/unknown,
ROM4/0/80,evev,,ev/Bhaflau Remnants,
ROM4/1/74,evac,,ev/Bhaflau Remnants,
ROM4/0/57,evev,,ev/Bhaflau Thickets,
ROM4/1/51,evac,,ev/Bhaflau Thickets,
ROM3/0/70,evev,,ev/Bibiki Bay,
ROM3/2/114,evac,,ev/Bibiki Bay,
ROM3/0/74,evev,,ev/Boneyard Gully,
ROM3/2/118,evac,,ev/Boneyard Gully,
ROM/20/104,evev,,ev/Bostaunieux Oubliette,
ROM/26/104,evac,,ev/Bostaunieux Oubliette,
ROM/20/55,evev,,ev/Buburimu Peninsula,
ROM/26/55,evac,,ev/Buburimu Peninsula,
ROM4/0/84,evev,,ev/Caedarva Mire,
ROM4/1/78,evac,,ev/Caedarva Mire,
ROM2/13/5,evev,,ev/Cape Teriggan,
ROM2/13/95,evac,,ev/Cape Teriggan,
ROM3/0/68,evev,,ev/Carpenters' Landing,
ROM3/2/112,evac,,ev/Carpenters' Landing,
ROM/20/88,evev,,ev/Castle Oztroja,
ROM/26/88,evac,,ev/Castle Oztroja,
ROM/20/36,evev,,ev/Castle Oztroja [S],
ROM/26/36,evac,,ev/Castle Oztroja [S],
ROM/20/98,evev,,ev/Castle Zvahl Baileys,
ROM/26/98,evac,,ev/Castle Zvahl Baileys,
ROM/20/75,evev,,ev/Castle Zvahl Baileys [S],
ROM/26/75,evac,,ev/Castle Zvahl Baileys [S],
ROM/20/99,evev,,ev/Castle Zvahl Keep,
ROM/26/99,evac,,ev/Castle Zvahl Keep,
ROM/20/92,evev,,ev/Castle Zvahl Keep [S],
ROM/26/92,evac,,ev/Castle Zvahl Keep [S],
ROM9/5/58,evev,,ev/Ceizak Battlegrounds,
ROM9/6/50,evac,,ev/Ceizak Battlegrounds,
ROM/303/29,evev,,ev/Celennia Memorial Library,
ROM/303/37,evac,,ev/Celennia Memorial Library,
ROM2/13/21,evev,,ev/Chamber of Oracles,
ROM2/13/111,evac,,ev/Chamber of Oracles,
ROM/21/42,evev,,ev/Chateau d'Oraguille,
ROM/27/42,evac,,ev/Chateau d'Oraguille,
ROM4/0/75,evev,,ev/Chocobo Circuit,
ROM4/1/69,evac,,ev/Chocobo Circuit,
ROM9/5/67,evev,,ev/Cirdas Caverns,
ROM9/6/59,evac,,ev/Cirdas Caverns,
ROM9/5/68,evev,,ev/Cirdas Caverns [U],
ROM9/6/60,evac,,ev/Cirdas Caverns [U],
ROM2/13/39,evev,,ev/Cloister of Flames,
ROM2/14/1,evac,,ev/Cloister of Flames,
ROM2/13/37,evev,,ev/Cloister of Frost,
ROM2/13/127,evac,,ev/Cloister of Frost,
ROM2/13/35,evev,,ev/Cloister of Gales,
ROM2/13/125,evac,,ev/Cloister of Gales,
ROM2/13/36,evev,,ev/Cloister of Storms,
ROM2/13/126,evac,,ev/Cloister of Storms,
ROM2/13/42,evev,,ev/Cloister of Tides,
ROM2/14/4,evac,,ev/Cloister of Tides,
ROM2/13/41,evev,,ev/Cloister of Tremors,
ROM2/14/3,evac,,ev/Cloister of Tremors,
ROM/21/6,evev,,ev/Crawlers' Nest,
ROM/27/6,evac,,ev/Crawlers' Nest,
ROM/20/108,evev,,ev/Crawlers' Nest [S],
ROM/26/108,evac,,ev/Crawlers' Nest [S],
ROM/21/0,evev,,ev/Dangruf Wadi,
ROM/27/0,evac,,ev/Dangruf Wadi,
ROM/20/86,evev,,ev/Davoi,
ROM/26/86,evac,,ev/Davoi,
ROM2/13/19,evev,,ev/Den of Rancor,
ROM2/13/109,evac,,ev/Den of Rancor,
ROM/342/78,evev,,ev/Desuetia - Empyreal Paradox,
ROM/342/93,evac,,ev/Desuetia - Empyreal Paradox,
ROM9/5/69,evev,,ev/Dho Gates,
ROM9/6/61,evac,,ev/Dho Gates,
ROM3/0/109,evev,,ev/Diorama Abdhaljs-Ghelsba,
ROM3/3/25,evac,,ev/Diorama Abdhaljs-Ghelsba,
ROM2/13/17,evev,,ev/Dragon's Aery,
ROM2/13/107,evac,,ev/Dragon's Aery,
ROM2/13/32,evev,,ev/Dynamis - Bastok,
ROM2/13/122,evac,,ev/Dynamis - Bastok,
ROM/355/6,evev,,ev/Dynamis - Bastok [D],
ROM/355/5,evac,,ev/Dynamis - Bastok [D],
ROM2/13/14,evev,,ev/Dynamis - Beaucedine,
ROM2/13/104,evac,,ev/Dynamis - Beaucedine,
ROM3/0/106,evev,,ev/Dynamis - Buburimu,
ROM3/3/22,evac,,ev/Dynamis - Buburimu,
ROM2/13/34,evev,,ev/Dynamis - Jeuno,
ROM2/13/124,evac,,ev/Dynamis - Jeuno,
ROM/355/49,evev,,ev/Dynamis - Jeuno [D],
ROM/355/54,evac,,ev/Dynamis - Jeuno [D],
ROM3/0/107,evev,,ev/Dynamis - Qufim,
ROM3/3/23,evac,,ev/Dynamis - Qufim,
ROM2/13/31,evev,,ev/Dynamis - San d'Oria,
ROM2/13/121,evac,,ev/Dynamis - San d'Oria,
ROM/354/111,evev,,ev/Dynamis - San d'Oria [D],
ROM/354/116,evac,,ev/Dynamis - San d'Oria [D],
ROM3/0/108,evev,,ev/Dynamis - Tavnazia,
ROM3/3/24,evac,,ev/Dynamis - Tavnazia,
ROM3/0/105,evev,,ev/Dynamis - Valkurm,
ROM3/3/21,evac,,ev/Dynamis - Valkurm,
ROM2/13/33,evev,,ev/Dynamis - Windurst,
ROM2/13/123,evac,,ev/Dynamis - Windurst,
ROM/355/34,evev,,ev/Dynamis - Windurst [D],
ROM/355/39,evac,,ev/Dynamis - Windurst [D],
ROM2/13/15,evev,,ev/Dynamis - Xarcabard,
ROM2/13/105,evac,,ev/Dynamis - Xarcabard,
ROM/20/38,evev,,ev/East Ronfaure,
ROM/26/38,evac,,ev/East Ronfaure,
ROM/20/18,evev,,ev/East Ronfaure [S],
ROM/26/18,evac,,ev/East Ronfaure [S],
ROM/20/53,evev,,ev/East Sarutabaruta,
ROM/26/53,evac,,ev/East Sarutabaruta,
ROM9/5/54,evev,,ev/Eastern Adoulin,
ROM9/6/46,evac,,ev/Eastern Adoulin,
ROM2/13/6,evev,,ev/Eastern Altepa Desert,
ROM2/13/96,evac,,ev/Eastern Altepa Desert,
ROM3/0/102,evev,,ev/Empyreal Paradox,
ROM3/3/18,evac,,ev/Empyreal Paradox,
ROM/337/61,evev,,ev/Escha - Ru'Aun,
ROM/337/66,evac,,ev/Escha - Ru'Aun,
ROM/332/104,evev,,ev/Escha - Zi'Tah,
ROM/332/109,evac,,ev/Escha - Zi'Tah,
ROM/20/23,evev,,ev/Everbloom Hollow,
ROM/26/23,evac,,ev/Everbloom Hollow,
ROM/21/13,evev,,ev/Fei'Yin,
ROM/27/13,evac,,ev/Fei'Yin,
ROM/306/56,evev,,ev/Feretory,
ROM/306/61,evac,,ev/Feretory,
ROM9/5/59,evev,,ev/Foret de Hennetiel,
ROM9/6/51,evac,,ev/Foret de Hennetiel,
ROM/20/78,evev,,ev/Fort Ghelsba,
ROM/26/78,evac,,ev/Fort Ghelsba,
ROM/20/33,evev,,ev/Fort Karugo-Narugo [S],
ROM/26/33,evac,,ev/Fort Karugo-Narugo [S],
ROM2/13/22,evev,,ev/Full Moon Fountain,
ROM2/13/112,evac,,ev/Full Moon Fountain,
ROM/21/19,evev,,ev/210,
ROM/27/19,evac,,ev/210,
ROM/21/8,evev,,ev/199,
ROM/27/8,evac,,ev/199,
ROM/21/9,evev,,ev/Garlaige Citadel,
ROM/27/9,evac,,ev/Garlaige Citadel,
ROM/20/101,evev,,ev/Garlaige Citadel [S],
ROM/26/101,evac,,ev/Garlaige Citadel [S],
ROM/20/77,evev,,ev/Ghelsba Outpost,
ROM/26/77,evac,,ev/Ghelsba Outpost,
ROM/20/66,evev,,ev/Ghoyu's Reverie,
ROM/26/66,evac,,ev/Ghoyu's Reverie,
ROM/20/82,evev,,ev/Giddeus,
ROM/26/82,evac,,ev/Giddeus,
ROM3/0/100,evev,,ev/Grand Palace of Hu'Xzoi,
ROM3/3/16,evac,,ev/Grand Palace of Hu'Xzoi,
ROM/20/26,evev,,ev/Grauberg [S],
ROM/26/26,evac,,ev/Grauberg [S],
ROM/21/5,evev,,ev/Gusgen Mines,
ROM/27/5,evac,,ev/Gusgen Mines,
ROM2/13/43,evev,,ev/Gustav Tunnel,
ROM2/14/5,evac,,ev/Gustav Tunnel,
ROM/375/125,evev,,ev/Gwora - Corridor,
ROM/376/2,evac,,ev/Gwora - Corridor,
ROM/378/101,evev,,ev/Gwora - Throne Room,
ROM/378/106,evac,,ev/Gwora - Throne Room,
ROM3/0/80,evev,,ev/Hall of Transference,
ROM3/2/124,evac,,ev/Hall of Transference,
ROM2/13/48,evev,,ev/Hall of the Gods,
ROM2/14/10,evac,,ev/Hall of the Gods,
ROM4/0/67,evev,,ev/Halvung,
ROM4/1/61,evac,,ev/Halvung,
ROM4/0/83,evev,,ev/Hazhalm Testing Grounds,
ROM4/1/77,evac,,ev/Hazhalm Testing Grounds,
ROM/21/51,evev,,ev/Heavens Tower,
ROM/27/51,evac,,ev/Heavens Tower,
ROM/20/76,evev,,ev/Horlais Peak,
ROM/26/76,evac,,ev/Horlais Peak,
ROM2/13/38,evev,,ev/Ifrit's Cauldron,
ROM2/14/0,evac,,ev/Ifrit's Cauldron,
ROM4/0/60,evev,,ev/Ilrusi Atoll,
ROM4/1/54,evac,,ev/Ilrusi Atoll,
ROM/21/1,evev,,ev/Inner Horutoto Ruins,
ROM/27/1,evac,,ev/Inner Horutoto Ruins,
ROM4/0/72,evev,,ev/Jade Sepulcher,
ROM4/1/66,evac,,ev/Jade Sepulcher,
ROM/20/41,evev,,ev/Jugner Forest,
ROM/26/41,evac,,ev/Jugner Forest,
ROM/20/19,evev,,ev/Jugner Forest [S],
ROM/26/19,evac,,ev/Jugner Forest [S],
ROM9/5/64,evev,,ev/Kamihr Drifts,
ROM9/6/56,evac,,ev/Kamihr Drifts,
ROM2/13/47,evev,,ev/Kazham,
ROM2/14/9,evac,,ev/Kazham,
ROM2/13/45,evev,,ev/Kazham-Jeuno Airship,
ROM2/14/7,evac,,ev/Kazham-Jeuno Airship,
ROM/20/127,evev,,ev/King Ranperre's Tomb,
ROM/26/127,evac,,ev/King Ranperre's Tomb,
ROM/20/45,evev,,ev/Konschtat Highlands,
ROM/26/45,evac,,ev/Konschtat Highlands,
ROM2/13/23,evev,,ev/Korroloka Tunnel,
ROM2/13/113,evac,,ev/Korroloka Tunnel,
ROM2/13/24,evev,,ev/Kuftal Tunnel,
ROM2/13/114,evac,,ev/Kuftal Tunnel,
ROM/20/39,evev,,ev/La Theine Plateau,
ROM/26/39,evac,,ev/La Theine Plateau,
ROM/20/22,evev,,ev/La Vaule [S],
ROM/26/22,evac,,ev/La Vaule [S],
ROM2/13/29,evev,,ev/La'Loff Amphitheater,
ROM2/13/119,evac,,ev/La'Loff Amphitheater,
ROM2/13/44,evev,,ev/Labyrinth of Onzozo,
ROM2/14/6,evac,,ev/Labyrinth of Onzozo,
ROM/315/104,evev,,ev/Leafallia,
ROM/315/114,evac,,ev/Leafallia,
ROM4/0/68,evev,,ev/Lebros Cavern,
ROM4/1/62,evac,,ev/Lebros Cavern,
ROM4/0/74,evev,,ev/Leujaoam Sanctum,
ROM4/1/68,evac,,ev/Leujaoam Sanctum,
ROM/20/121,evev,,ev/Lower Delkfutt's Tower,
ROM/26/121,evac,,ev/Lower Delkfutt's Tower,
ROM/21/54,evev,,ev/Lower Jeuno,
ROM/27/54,evac,,ev/Lower Jeuno,
ROM3/0/90,evev,,ev/Lufaise Meadows,
ROM3/3/6,evac,,ev/Lufaise Meadows,
ROM4/0/70,evev,,ev/Mamook,
ROM4/1/64,evac,,ev/Mamook,
ROM4/0/71,evev,,ev/Mamool Ja Training Grounds,
ROM4/1/65,evac,,ev/Mamool Ja Training Grounds,
ROM3/0/69,evev,,ev/Manaclipper,
ROM3/2/113,evac,,ev/Manaclipper,
ROM/20/120,evev,,ev/Maquette Abdhaljs-LegionA,
ROM/26/120,evac,,ev/Maquette Abdhaljs-LegionA,
ROM/362/20,evev,,ev/Maquette Abdhaljs-LegionB,
ROM/362/25,evac,,ev/Maquette Abdhaljs-LegionB,
ROM9/5/63,evev,,ev/Marjami Ravine,
ROM9/6/55,evac,,ev/Marjami Ravine,
ROM/21/7,evev,,ev/Maze of Shakhrami,
ROM/27/7,evac,,ev/Maze of Shakhrami,
ROM/20/56,evev,,ev/Meriphataud Mountains,
ROM/26/56,evac,,ev/Meriphataud Mountains,
ROM/20/34,evev,,ev/Meriphataud Mountains [S],
ROM/26/34,evac,,ev/Meriphataud Mountains [S],
ROM/21/46,evev,,ev/Metalworks,
ROM/27/46,evac,,ev/Metalworks,
ROM/21/58,evev,,ev/Mhaura,
ROM/27/58,evac,,ev/Mhaura,
ROM/20/94,evev,,ev/Middle Delkfutt's Tower,
ROM/26/94,evac,,ev/Middle Delkfutt's Tower,
ROM3/0/79,evev,,ev/Mine Shaft #2716,
ROM3/2/123,evac,,ev/Mine Shaft #2716,
ROM3/0/91,evev,,ev/Misareaux Coast,
ROM3/3/7,evac,,ev/Misareaux Coast,
ROM/303/28,evev,,ev/Mog Garden,
ROM/303/36,evac,,ev/Mog Garden,
ROM9/5/66,evev,,ev/Moh Gates,
ROM9/6/58,evac,,ev/Moh Gates,
ROM3/0/97,evev,,ev/Monarch Linn,
ROM3/3/13,evac,,ev/Monarch Linn,
ROM/20/87,evev,,ev/Monastic Cavern,
ROM/26/87,evac,,ev/Monastic Cavern,
ROM/20/68,evev,,ev/Mordion Gaol,
ROM/26/68,evac,,ev/Mordion Gaol,
ROM9/5/62,evev,,ev/Morimar Basalt Fields,
ROM9/6/54,evac,,ev/Morimar Basalt Fields,
ROM/315/105,evev,,ev/Mount Kamihr,
ROM/315/115,evac,,ev/Mount Kamihr,
ROM4/0/66,evev,,ev/Mount Zhayolm,
ROM4/1/60,evac,,ev/Mount Zhayolm,
ROM4/0/58,evev,,ev/Nashmau,
ROM4/1/52,evac,,ev/Nashmau,
ROM4/0/69,evev,,ev/Navukgo Execution Chamber,
ROM4/1/63,evac,,ev/Navukgo Execution Chamber,
ROM3/0/78,evev,,ev/Newton Movalpolos,
ROM3/2/122,evac,,ev/Newton Movalpolos,
ROM2/13/49,evev,,ev/Norg,
ROM2/14/11,evac,,ev/Norg,
ROM/20/43,evev,,ev/North Gustaberg,
ROM/26/43,evac,,ev/North Gustaberg,
ROM/20/25,evev,,ev/North Gustaberg [S],
ROM/26/25,evac,,ev/North Gustaberg [S],
ROM/21/40,evev,,ev/Northern San d'Oria,
ROM/27/40,evac,,ev/Northern San d'Oria,
ROM4/0/82,evev,,ev/Nyzul Isle,
ROM4/1/76,evac,,ev/Nyzul Isle,
ROM3/0/77,evev,,ev/Oldton Movalpolos,
ROM3/2/121,evac,,ev/Oldton Movalpolos,
ROM4/0/51,evev,,ev/Open sea route to Al Zahbi,
ROM4/1/45,evac,,ev/Open sea route to Al Zahbi,
ROM4/0/52,evev,,ev/Open sea route to Mhaura,
ROM4/1/46,evac,,ev/Open sea route to Mhaura,
ROM/21/2,evev,,ev/Ordelle's Caves,
ROM/27/2,evac,,ev/Ordelle's Caves,
ROM/21/3,evev,,ev/Outer Horutoto Ruins,
ROM/27/3,evac,,ev/Outer Horutoto Ruins,
ROM9/5/71,evev,,ev/Outer Ra'Kaznar,
ROM9/6/63,evac,,ev/Outer Ra'Kaznar,
ROM9/5/72,evev,,ev/Outer Ra'Kaznar [U1],
ROM9/6/64,evac,,ev/Outer Ra'Kaznar [U1],
ROM9/8/68,evev,,ev/Outer Ra'Kaznar [U2],
ROM9/8/71,evac,,ev/Outer Ra'Kaznar [U2],
ROM/20/126,evev,,ev/Outer Ra'Kaznar [U3],
ROM/26/126,evac,,ev/Outer Ra'Kaznar [U3],
ROM/20/80,evev,,ev/Palborough Mines,
ROM/26/80,evac,,ev/Palborough Mines,
ROM/20/46,evev,,ev/Pashhow Marshlands,
ROM/26/46,evac,,ev/Pashhow Marshlands,
ROM/20/27,evev,,ev/Pashhow Marshlands [S],
ROM/26/27,evac,,ev/Pashhow Marshlands [S],
ROM4/0/61,evev,,ev/Periqia,
ROM4/1/55,evac,,ev/Periqia,
ROM3/0/67,evev,,ev/Phanauet Channel,
ROM3/2/111,evac,,ev/Phanauet Channel,
ROM3/0/93,evev,,ev/Phomiuna Aqueducts,
ROM3/3/9,evac,,ev/Phomiuna Aqueducts,
ROM/21/45,evev,,ev/Port Bastok,
ROM/27/45,evac,,ev/Port Bastok,
ROM/21/55,evev,,ev/Port Jeuno,
ROM/27/55,evac,,ev/Port Jeuno,
ROM/21/41,evev,,ev/Port San d'Oria,
ROM/27/41,evac,,ev/Port San d'Oria,
ROM/21/49,evev,,ev/Port Windurst,
ROM/27/49,evac,,ev/Port Windurst,
ROM3/0/84,evev,,ev/Promyvion - Dem,
ROM3/3/0,evac,,ev/Promyvion - Dem,
ROM3/0/82,evev,,ev/Promyvion - Holla,
ROM3/2/126,evac,,ev/Promyvion - Holla,
ROM3/0/86,evev,,ev/Promyvion - Mea,
ROM3/3/2,evac,,ev/Promyvion - Mea,
ROM3/0/88,evev,,ev/Promyvion - Vahzl,
ROM3/3/4,evac,,ev/Promyvion - Vahzl,
ROM/21/31,evev,,ev/Provenance,
ROM/27/31,evac,,ev/Provenance,
ROM3/0/75,evev,,ev/Pso'Xja,
ROM3/2/119,evac,,ev/Pso'Xja,
ROM/21/15,evev,,ev/Qu'Bia Arena,
ROM/27/15,evac,,ev/Qu'Bia Arena,
ROM/20/63,evev,,ev/Qufim Island,
ROM/26/63,evac,,ev/Qufim Island,
ROM2/13/40,evev,,ev/Quicksand Caves,
ROM2/14/2,evac,,ev/Quicksand Caves,
ROM/20/85,evev,,ev/Qulun Dome,
ROM/26/85,evac,,ev/Qulun Dome,
ROM9/5/73,evev,,ev/Ra'Kaznar Inner Court,
ROM9/6/65,evac,,ev/Ra'Kaznar Inner Court,
ROM9/5/74,evev,,ev/Ra'Kaznar Turris,
ROM9/6/66,evac,,ev/Ra'Kaznar Turris,
ROM2/13/46,evev,,ev/Rabao,
ROM2/14/8,evac,,ev/Rabao,
ROM9/5/55,evev,,ev/Rala Waterways,
ROM9/6/47,evac,,ev/Rala Waterways,
ROM9/5/56,evev,,ev/Rala Waterways [U],
ROM9/6/48,evac,,ev/Rala Waterways [U],
ROM/20/103,evev,,ev/Ranguemont Pass,
ROM/26/103,evac,,ev/Ranguemont Pass,
ROM/342/79,evev,,ev/Reisenjima,
ROM/342/94,evac,,ev/Reisenjima,
ROM/353/56,evev,,ev/Reisenjima Henge,
ROM/353/61,evac,,ev/Reisenjima Henge,
ROM/342/80,evev,,ev/Reisenjima Sanctorium,
ROM/342/95,evac,,ev/Reisenjima Sanctorium,
ROM3/0/96,evev,,ev/Riverne - Site A01,
ROM3/3/12,evac,,ev/Riverne - Site A01,
ROM3/0/95,evev,,ev/Riverne - Site B01,
ROM3/3/11,evac,,ev/Riverne - Site B01,
ROM2/13/8,evev,,ev/Ro'Maeve,
ROM2/13/98,evac,,ev/Ro'Maeve,
ROM/20/47,evev,,ev/Rolanberry Fields,
ROM/26/47,evac,,ev/Rolanberry Fields,
ROM/20/28,evev,,ev/Rolanberry Fields [S],
ROM/26/28,evac,,ev/Rolanberry Fields [S],
ROM2/13/13,evev,,ev/Ru'Aun Gardens,
ROM2/13/103,evac,,ev/Ru'Aun Gardens,
ROM/21/52,evev,,ev/Ru'Lude Gardens,
ROM/27/52,evac,,ev/Ru'Lude Gardens,
ROM/20/30,evev,,ev/Ruhotz Silvermines,
ROM/26/30,evac,,ev/Ruhotz Silvermines,
ROM3/0/94,evev,,ev/Sacrarium,
ROM3/3/10,evac,,ev/Sacrarium,
ROM2/13/20,evev,,ev/Sacrificial Chamber,
ROM2/13/110,evac,,ev/Sacrificial Chamber,
ROM/21/32,evev,,ev/San d'Oria-Jeuno Airship,
ROM/27/32,evac,,ev/San d'Oria-Jeuno Airship,
ROM/20/57,evev,,ev/Sauromugue Champaign,
ROM/26/57,evac,,ev/Sauromugue Champaign,
ROM/20/35,evev,,ev/Sauromugue Champaign [S],
ROM/26/35,evac,,ev/Sauromugue Champaign [S],
ROM2/13/25,evev,,ev/Sea Serpent Grotto,
ROM2/13/115,evac,,ev/Sea Serpent Grotto,
ROM3/0/98,evev,,ev/Sealion's Den,
ROM3/3/14,evac,,ev/Sealion's Den,
ROM/21/57,evev,,ev/Selbina,
ROM/27/57,evac,,ev/Selbina,
ROM/21/37,evev,,evx/Ship bound for Mhaura,
ROM/27/37,evac,,evx/Ship bound for Mhaura,
ROM/21/28,evev,,ev/219,
ROM/27/28,evac,,ev/219,
ROM/21/29,evev,,ev/Ship bound for Mhaura,
ROM/27/29,evac,,ev/Ship bound for Mhaura,
ROM/21/30,evev,,ev/Ship bound for Selbina,
ROM/27/30,evac,,ev/Ship bound for Selbina,
ROM/21/36,evev,,evx/Ship bound for Selbina,
ROM/27/36,evac,,evx/Ship bound for Selbina,
ROM9/5/65,evev,,ev/Sih Gates,
ROM9/6/57,evac,,ev/Sih Gates,
ROM/374/96,evev,,ev/Silver Knife,
ROM/374/101,evac,,ev/Silver Knife,
ROM4/0/81,evev,,ev/Silver Sea Remnants,
ROM4/1/75,evac,,ev/Silver Sea Remnants,
ROM4/0/64,evev,,ev/Silver Sea route to Al Zahbi,
ROM4/1/58,evac,,ev/Silver Sea route to Al Zahbi,
ROM4/0/63,evev,,ev/Silver Sea route to Nashmau,
ROM4/1/57,evac,,ev/Silver Sea route to Nashmau,
ROM/20/44,evev,,ev/South Gustaberg,
ROM/26/44,evac,,ev/South Gustaberg,
ROM/21/39,evev,,ev/Southern San d'Oria,
ROM/27/39,evac,,ev/Southern San d'Oria,
ROM/20/17,evev,,ev/Southern San d'Oria [S],
ROM/26/17,evac,,ev/Southern San d'Oria [S],
ROM3/0/85,evev,,ev/Spire of Dem,
ROM3/3/1,evac,,ev/Spire of Dem,
ROM3/0/83,evev,,ev/Spire of Holla,
ROM3/2/127,evac,,ev/Spire of Holla,
ROM3/0/87,evev,,ev/Spire of Mea,
ROM3/3/3,evac,,ev/Spire of Mea,
ROM3/0/89,evev,,ev/Spire of Vahzl,
ROM3/3/5,evac,,ev/Spire of Vahzl,
ROM2/13/28,evev,,ev/Stellar Fulcrum,
ROM2/13/118,evac,,ev/Stellar Fulcrum,
ROM/20/54,evev,,ev/Tahrongi Canyon,
ROM/26/54,evac,,ev/Tahrongi Canyon,
ROM4/0/62,evev,,ev/Talacca Cove,
ROM4/1/56,evac,,ev/Talacca Cove,
ROM3/0/92,evev,,ev/Tavnazian Safehold,
ROM3/3/8,evac,,ev/Tavnazian Safehold,
ROM3/0/103,evev,,ev/Temenos,
ROM3/3/19,evac,,ev/Temenos,
ROM2/13/18,evev,,ev/Temple of Uggalepih,
ROM2/13/108,evac,,ev/Temple of Uggalepih,
ROM4/0/54,evev,,ev/none,
ROM4/1/48,evac,,ev/none,
ROM4/0/65,evev,,ev/The Ashu Talif,
ROM4/1/59,evac,,ev/The Ashu Talif,
ROM2/13/16,evev,,ev/The Boyahda Tree,
ROM2/13/106,evac,,ev/The Boyahda Tree,
ROM2/13/30,evev,,ev/The Celestial Nexus,
ROM2/13/120,evac,,ev/The Celestial Nexus,
ROM4/0/76,evev,,ev/The Colosseum,
ROM4/1/70,evac,,ev/The Colosseum,
ROM/21/4,evev,,ev/The Eldieme Necropolis,
ROM/27/4,evac,,ev/The Eldieme Necropolis,
ROM/20/112,evev,,ev/The Eldieme Necropolis [S],
ROM/26/112,evac,,ev/The Eldieme Necropolis [S],
ROM3/0/101,evev,,ev/The Garden of Ru'Hmet,
ROM3/3/17,evac,,ev/The Garden of Ru'Hmet,
ROM2/13/7,evev,,ev/The Sanctuary of Zi'Tah,
ROM2/13/97,evac,,ev/The Sanctuary of Zi'Tah,
ROM2/13/27,evev,,ev/The Shrine of Ru'Avitau,
ROM2/13/117,evac,,ev/The Shrine of Ru'Avitau,
ROM3/0/76,evev,,ev/The Shrouded Maw,
ROM3/2/120,evac,,ev/The Shrouded Maw,
ROM/20/102,evev,,ev/Throne Room,
ROM/26/102,evac,,ev/Throne Room,
ROM/20/93,evev,,ev/Throne Room [S],
ROM/26/93,evac,,ev/Throne Room [S],
ROM/21/38,evev,,ev/Throne Room [V],
ROM/27/38,evac,,ev/Throne Room [V],
ROM/20/106,evev,,ev/Toraimarai Canal,
ROM/26/106,evac,,ev/Toraimarai Canal,
ROM3/0/71,evev,,ev/Uleguerand Range,
ROM3/2/115,evac,,ev/Uleguerand Range,
ROM/20/95,evev,,ev/Upper Delkfutt's Tower,
ROM/26/95,evac,,ev/Upper Delkfutt's Tower,
ROM/21/53,evev,,ev/Upper Jeuno,
ROM/27/53,evac,,ev/Upper Jeuno,
ROM/20/40,evev,,ev/Valkurm Dunes,
ROM/26/40,evac,,ev/Valkurm Dunes,
ROM2/13/12,evev,,ev/Valley of Sorrows,
ROM2/13/102,evac,,ev/Valley of Sorrows,
ROM2/13/26,evev,,ev/Ve'Lugannon Palace,
ROM2/13/116,evac,,ev/Ve'Lugannon Palace,
ROM/20/20,evev,,ev/Vunkerl Inlet [S],
ROM/26/20,evac,,ev/Vunkerl Inlet [S],
ROM4/0/56,evev,,ev/Wajaom Woodlands,
ROM4/1/50,evac,,ev/Wajaom Woodlands,
ROM/20/119,evev,,ev/Walk of Echoes,
ROM/26/119,evac,,ev/Walk of Echoes,
ROM/361/87,evev,,ev/Walk of Echoes [P1],
ROM/361/92,evac,,ev/Walk of Echoes [P1],
ROM9/5/76,evev,,ev/Walk of Echoes [P2],
ROM9/6/68,evac,,ev/Walk of Echoes [P2],
ROM/20/81,evev,,ev/Waughroon Shrine,
ROM/26/81,evac,,ev/Waughroon Shrine,
ROM/20/37,evev,,ev/West Ronfaure,
ROM/26/37,evac,,ev/West Ronfaure,
ROM/20/52,evev,,ev/West Sarutabaruta,
ROM/26/52,evac,,ev/West Sarutabaruta,
ROM/20/32,evev,,ev/West Sarutabaruta [S],
ROM/26/32,evac,,ev/West Sarutabaruta [S],
ROM9/5/53,evev,,ev/Western Adoulin,
ROM9/6/45,evac,,ev/Western Adoulin,
ROM2/13/11,evev,,ev/Western Altepa Desert,
ROM2/13/101,evac,,ev/Western Altepa Desert,
ROM/21/48,evev,,ev/Windurst Walls,
ROM/27/48,evac,,ev/Windurst Walls,
ROM/21/47,evev,,ev/Windurst Waters,
ROM/27/47,evac,,ev/Windurst Waters,
ROM/20/31,evev,,ev/Windurst Waters [S],
ROM/26/31,evac,,ev/Windurst Waters [S],
ROM/21/50,evev,,ev/Windurst Woods,
ROM/27/50,evac,,ev/Windurst Woods,
ROM/21/34,evev,,ev/Windurst-Jeuno Airship,
ROM/27/34,evac,,ev/Windurst-Jeuno Airship,
ROM9/5/70,evev,,ev/Woh Gates,
ROM9/6/62,evac,,ev/Woh Gates,
ROM/20/49,evev,,ev/Xarcabard,
ROM/26/49,evac,,ev/Xarcabard,
ROM/20/74,evev,,ev/Xarcabard [S],
ROM/26/74,evac,,ev/Xarcabard [S],
ROM9/5/57,evev,,ev/Yahse Hunting Grounds,
ROM9/6/49,evac,,ev/Yahse Hunting Grounds,
ROM2/13/10,evev,,ev/Yhoator Jungle,
ROM2/13/100,evac,,ev/Yhoator Jungle,
ROM9/5/60,evev,,ev/Yorcia Weald,
ROM9/6/52,evac,,ev/Yorcia Weald,
ROM9/5/61,evev,,ev/Yorcia Weald [U],
ROM9/6/53,evac,,ev/Yorcia Weald [U],
ROM/20/79,evev,,ev/Yughott Grotto,
ROM/26/79,evac,,ev/Yughott Grotto,
ROM2/13/9,evev,,ev/Yuhtunga Jungle,
ROM2/13/99,evac,,ev/Yuhtunga Jungle,
ROM/20/109,evev,,ev/Zeruhn Mines,
ROM/26/109,evac,,ev/Zeruhn Mines,
ROM4/0/78,evev,,ev/Zhayolm Remnants,
ROM4/1/72,evac,,ev/Zhayolm Remnants,
ROM/118/104,xis,,etc/job_abbr,
ROM/118/105,xis,,etc/race_gender_enum,
ROM/165/84,dmsg,,sys/area,
ROM/165/85,dmsg,,sys/area_s,
#以下场景数据疑问,,,,
ROM/224/116,evev,,evx/MMM
ROM/224/117,evac,,evx/MMM
ROM/224/118,evsb,ja,evx/MMM
ROM/224/119,evsb,en,evx/MMM
ROM/224/120,evsb,de,evx/MMM
ROM/224/121,evsb,fr,evx/MMM
ROM/216/44,evev,,evx/MMM/id1
ROM/216/45,evev,,evx/MMM/id2
ROM/216/46,evev,,evx/MMM/id3
ROM/216/47,evev,,evx/MMM/id4
ROM/216/48,evev,,evx/MMM/id5
ROM/216/49,evev,,evx/MMM/id6
ROM/216/50,evac,,evx/MMM/id1
ROM/216/51,evac,,evx/MMM/id2
ROM/216/52,evac,,evx/MMM/id3
ROM/216/53,evac,,evx/MMM/id4
ROM/216/54,evac,,evx/MMM/id5
ROM/216/55,evac,,evx/MMM/id6
ROM/216/56,evsb,ja,evx/MMM/id1
ROM/216/57,evsb,ja,evx/MMM/id2
ROM/216/58,evsb,ja,evx/MMM/id3
ROM/216/59,evsb,ja,evx/MMM/id4
ROM/216/60,evsb,ja,evx/MMM/id5
ROM/216/61,evsb,ja,evx/MMM/id6
ROM/216/62,evsb,en,evx/MMM/id1
ROM/216/63,evsb,en,evx/MMM/id2
ROM/216/64,evsb,en,evx/MMM/id3
ROM/216/65,evsb,en,evx/MMM/id4
ROM/216/66,evsb,en,evx/MMM/id5
ROM/216/67,evsb,en,evx/MMM/id6
ROM/216/68,evsb,de,evx/MMM/id1
ROM/216/69,evsb,de,evx/MMM/id2
ROM/216/70,evsb,de,evx/MMM/id3
ROM/216/71,evsb,de,evx/MMM/id4
ROM/216/72,evsb,de,evx/MMM/id5
ROM/216/73,evsb,de,evx/MMM/id6
ROM/216/74,evsb,fr,evx/MMM/id1
ROM/216/75,evsb,fr,evx/MMM/id2
ROM/216/76,evsb,fr,evx/MMM/id3
ROM/216/77,evsb,fr,evx/MMM/id4
ROM/216/78,evsb,fr,evx/MMM/id5
ROM/216/79,evsb,fr,evx/MMM/id6
ROM/238/85,evev,,evx/MMM/rtlv4
ROM/238/86,evac,,evx/MMM/rtlv4
ROM/238/87,evsb,ja,evx/MMM/rtlv4
ROM/238/88,evsb,en,evx/MMM/rtlv4
ROM/238/89,evsb,de,evx/MMM/rtlv4
ROM/238/90,evsb,fr,evx/MMM/rtlv4
ROM/214/61,evev,,evx/MMM/id7
ROM/214/62,evac,,evx/MMM/id7
ROM/214/63,evsb,ja,evx/MMM/id7
ROM/214/64,evsb,en,evx/MMM/id7
ROM/214/65,evsb,de,evx/MMM/id7
ROM/214/66,evsb,fr,evx/MMM/id7
